resource,source_stream,source_file,record_type,first_seen,last_published,repeat_eligible_after,anti_repeat_scope,status,notes
16n-faderbank/16n,webgpt_daily,data/published-repo-log.csv,published,2026-06-15,2026-06-15,2026-07-15,hard,published,Recovered 2026-06-15 MIDI controller digest row; open 16-fader MIDI CV I2C control-surface hardware firmware ecosystem; verify maintained fork before fabrication
16n-faderbank/16n,webgpt_daily,data/selected-projects.csv,selected_reference,,,,soft,selected,"status=selected; origin=2026-06-15-midi-controller; platforms=MIDI,CV,I2C; tags=faderbank,control-surface,hardware,midi-cv; why_selected=Strong recovered MIDI-controller digest anchor for dense fader control hardware; notes=Recovered from 2026-06-15 digest; verify maintained fork before fabrication"
16n-faderbank/16nx,webgpt_daily,data/selected-projects.csv,selected_reference,,,,soft,selected,"status=selected; origin=2026-06-13-control-extension; platforms=MIDI,CV; tags=faderbank,control-surface,hardware; why_selected=Strong recovered control-extension digest anchor in 16n-family direction; notes=Pair with 16next_firmware where applicable"
16n-faderbank/16nx+16next_firmware,webgpt_daily,data/published-repo-log.csv,published,2026-06-13,2026-06-16,2026-07-16,hard,published,Recovered 2026-06-13 and 2026-06-16 digest row; 16n-family faderbank controller firmware and hardware direction; source re-check recommended
a3-audio/a3-system,codex_weekly,codex-weekly/data/repo_feature_history.json,published,2024-03-26,2024-03-26,2024-04-25,hard,published,feature_count=1; last_rank=8
AdamFulford/Veno-Echo,webgpt_daily,data/published-repo-log.csv,published,2026-05-20,2026-05-20,2026-06-19,hard,published,Daisy delay project
adwuard/xSynth-go,webgpt_daily,data/published-repo-log.csv,published,2026-07-08,2026-07-08,2026-08-07,hard,published,https://github.com/adwuard/xSynth-go ; CMOD A7 35T FPGA synth/DSP baseboard for XFM2/custom FPGA audio; line input/output; TRS MIDI in/thru/out; USB-C power; FPC expansion; Altium PrjPcb with SchDoc/PcbDoc verified; RevA validation and UI board still WIP; license not verified
adwuard/xSynth-go,webgpt_daily,data/selected-projects.csv,selected_reference,,,,soft,selected,"status=selected; origin=digest_ranked; platforms=FPGA,CMOD-A7; tags=fpga-synth,dsp-platform,midi,audio-io,altium; why_selected=Rare FPGA audio/synth hardware platform with modifiable Altium source; notes=License not verified; RevA validation and UI board incomplete"
agooddaytowork/dq-dsp-firmware,codex_weekly,codex-weekly/data/repo_feature_history.json,published,2026-05-05,2026-05-05,2026-06-04,hard,published,feature_count=1; last_rank=1
agooddaytowork/dq-dsp-ui,codex_weekly,codex-weekly/data/repo_feature_history.json,published,2026-05-05,2026-05-05,2026-06-04,hard,published,feature_count=1; last_rank=7
AidanHockey5/MegaMIDI,webgpt_daily,data/published-repo-log.csv,published,2026-07-08,2026-07-08,2026-08-07,hard,published,https://github.com/AidanHockey5/MegaMIDI ; real YM2612/YM3438 plus SN76489 MIDI Sega Genesis synth; USB/DIN MIDI; OPM patch workflow; EEPROM favorites; PlatformIO/Teensyduino firmware; HEX releases; KiCad project/PCB verified; AGPL-3.0 shown by GitHub but README has no-resale caveat
AidanHockey5/MegaMIDI,webgpt_daily,data/selected-projects.csv,selected_reference,,,,soft,selected,"status=selected; origin=digest_ranked; platforms=Teensy,YM2612,SN76489; tags=retro-chip-synth,midi,kicad,platformio,firmware-release; why_selected=Real Sega Genesis sound-chip MIDI synth with patch tooling and source hardware; notes=Commercial reuse ambiguous because README says no resale despite open-source claims"
alex6679/teensy-4-usbAudio,codex_weekly,codex-weekly/data/repo_feature_history.json,published,2024-03-19,2026-05-26,2026-06-25,hard,published,feature_count=4; last_rank=1
alex6679/teensy-4-usbAudio,webgpt_daily,data/published-repo-log.csv,published,2026-05-24,2026-05-24,2026-06-23,hard,published,Teensy 4.x multichannel UAC2 USB audio extension with 2/4/6/8 channel support and latency-oriented options
alex6679/teensy-4-usbAudio,webgpt_daily,data/selected-projects.csv,selected_reference,,,,soft,related_infrastructure,"status=related_infrastructure; origin=already_published; platforms=Teensy; tags=usb-audio,uac2,multichannel,audio-io; why_selected=Important Teensy multichannel USB audio infrastructure; notes=Already published earlier; do not duplicate as new digest item"
alexiszbik/polyanalog,webgpt_daily,data/published-repo-log.csv,published,2026-06-03,2026-06-03,2026-07-03,hard,published,Daisy Seed 4-voice polysynth with SuperSaw PWM MIDI CC OLED 16 presets QSPI preset manager soft-takeover schematic and BOM
alexlafetra/stepchild,webgpt_daily,data/published-repo-log.csv,published,2026-06-26,2026-06-26,2026-07-26,hard,published,"https://github.com/alexlafetra/stepchild ; Pi Pico generative MIDI/CV instrument with ChildOS sequencer, 4 MIDI outs, TRS/DIN/USB MIDI, CV out, PCBs, BOM, case STLs and Eurorack faceplate"
algomusic/M16,webgpt_daily,data/published-repo-log.csv,published,2026-06-08,2026-06-08,2026-07-08,hard,published,Arduino 16bit audio synthesis library for ESP8266 ESP32 ESP32S2 ESP32S3 and Pico2 with I2S audioUpdate dual-core synchronization PSRAM diagnostics and timing caveats
Allen-Synthesis/EuroPi,webgpt_daily,data/published-repo-log.csv,published,2026-06-27,2026-06-27,2026-07-27,hard,published,"https://github.com/Allen-Synthesis/EuroPi ; OSHWA-certified Raspberry Pi Pico Eurorack CV/gate scripting module with MicroPython firmware, six 0-10V CV outputs, CV/digital inputs, OLED, knobs/buttons, multiple hardware variants, build guides/BOMs and CERN-OHL-S/Apache licensing"
amsynth/amsynth,codex_weekly,codex-weekly/data/repo_feature_history.json,published,2026-05-12,2026-06-17,2026-07-17,hard,published,feature_count=2; last_rank=2
animatek/Nomad2026,codex_weekly,codex-weekly/data/repo_feature_history.json,published,2026-05-12,2026-05-12,2026-06-11,hard,published,feature_count=1; last_rank=7
antoinevg/daisy_bsp,codex_weekly,codex-weekly/data/repo_feature_history.json,published,2024-03-19,2026-05-19,2026-06-18,hard,published,feature_count=4; last_rank=6
anushkadas-coder/DCO6_synthesizer,codex_weekly,codex-weekly/data/repo_feature_history.json,published,2026-05-12,2026-05-12,2026-06-11,hard,published,feature_count=1; last_rank=10
apfaudio/eurorack-pmod,webgpt_daily,data/published-repo-log.csv,published,2026-06-26,2026-06-26,2026-07-26,hard,published,https://github.com/apfaudio/eurorack-pmod ; OSHWA-certified FPGA Eurorack PMOD front end; AK4619 4in/4out DC-coupled codec; KiCad/fab/BOM; Verilog DSP cores and calibration workflow
apfaudio/tiliqua,webgpt_daily,data/published-repo-log.csv,published,2026-07-17,2026-07-17,2026-08-16,hard,published,https://github.com/apfaudio/tiliqua three-PCBA ECP5 FPGA audio ecosystem with editable KiCad motherboard SoldierCrab SoM 4in4out DC-coupled PMOD calibration USB MIDI gateware and CERN-OHL-S licensing
apfaudio/tiliqua,webgpt_daily,data/selected-projects.csv,selected_reference,,,,soft,selected,"status=selected; origin=digest_ranked; platforms=ECP5,RP2040; tags=fpga,audio-cv,multiboard,usb2,midi,kicad,calibration,open-hardware; why_selected=Exceptional licensed multi-board audio ecosystem spanning removable FPGA compute high-speed memory motherboard and reusable 4in4out front end; notes=CERN-OHL-S; inspect early R5.1 USB-C erratum before reuse"
apiel/zicBox,webgpt_daily,data/published-repo-log.csv,published,2026-07-01,2026-07-01,2026-07-31,hard,published,https://github.com/apiel/zicBox ; Raspberry Pi/Linux modular groovebox ecosystem; ZicPixel/ZicGrid/ZicXY hardware; PCM5102A DAC; ST7789 display; encoders; key switches; EasyEDA PCB projects/Gerbers; prebuilt OS images; GPLv3 repo; hardware license not separately verified
ariknel/ESP-EasyDSP,codex_weekly,codex-weekly/data/repo_feature_history.json,published,2026-04-21,2026-04-21,2026-05-21,hard,published,feature_count=1; last_rank=3
ARM-software/CMSIS-DSP,webgpt_daily,data/published-repo-log.csv,published,2026-05-23,2026-05-23,2026-06-22,hard,published,CMSIS-DSP v1.17.0 adds transform buffer-sizing APIs and fixes relevant to Cortex-M DSP correctness
AudCalc,webgpt_daily,data/selected-projects.csv,selected_reference,,,,soft,selected,"status=selected; origin=digest_ranked; platforms=RP2040; tags=groovebox,pocket-device,enclosure,kicad; why_selected=Compact RP2040 groovebox with enclosure and hardware files; notes=Audio path details need deeper review"
babeinlovexd/Insane-Soundbar,codex_weekly,codex-weekly/data/repo_feature_history.json,published,2026-05-26,2026-05-26,2026-06-25,hard,published,feature_count=1; last_rank=6
balazsbencs/daisy-multifx-pedal,webgpt_daily,data/published-repo-log.csv,published,2026-05-26,2026-05-26,2026-06-25,hard,published,Daisy Seed stereo multi-FX pedal with 14 algorithms QSPI presets MIDI clock arbitration and 1 ms block architecture
bartinstruments/open-source/DUAL SSI2130 VCO CORE,webgpt_daily,data/selected-projects.csv,selected_reference,,,,soft,selected_extra,"status=selected_extra; origin=manual_add_2026-07-13; platforms=Analog,Eurorack,hybrid; tags=ssi2130,vco,dual-vco,open-hardware,kicad,tzfm,tzpm,digital-calibration; why_selected=High-value reusable dual SSI2130 analog oscillator core with source schematic and PCB, buffered waveforms, multiple pitch-control paths, and MCU-assisted calibration hooks; notes=Pinned to commit 9f0f518; revision 3.0 schematic dated 2026-07-07; CERN-OHL-S v2 hardware and CC BY-NC-SA 4.0 documentation"
bastl-instruments/kastle2,codex_weekly,codex-weekly/data/repo_feature_history.json,published,2024-03-17,2024-03-17,2024-04-16,hard,published,feature_count=1; last_rank=7
Befaco/Oneiroi,webgpt_daily,data/published-repo-log.csv,published,2026-06-02,2026-06-02,2026-07-02,hard,published,OWL platform Eurorack ambient drone synth patch with stereo signal path oscillators effects looper WebMIDI update flow source and calibration notes
Befaco/VCMC,webgpt_daily,data/published-repo-log.csv,published,2026-06-02,2026-06-02,2026-07-02,hard,published,Teensy Eurorack CV-to-MIDI firmware for VCMC CV Thing with chord strum poly aftertouch 14-bit CC NRPN calibration and web configurer
BenjaminPoilve/minichord,webgpt_daily,data/published-repo-log.csv,published,2026-06-27,2026-06-27,2026-07-27,hard,published,"https://github.com/BenjaminPoilve/minichord ; Pocket Omnichord-style synth with PCB/BOM/enclosure/keycap production files, BSD firmware/PlatformIO/HEX, 21 chord buttons plus 12-zone strum bar, onboard battery, presets, WebMIDI minicontrol and documented synthesis path; hardware CC BY-NC"
benjiaomodular/MiniOSC,webgpt_daily,data/published-repo-log.csv,published,2026-08-10,2026-08-10,2026-09-09,hard,published,CC-BY-SA CD40106 VCO with editable KiCad BOM fabrication files revision errata and four reported builds; pitch and thermal tracking unmeasured
benjiaomodular/MiniOSC,webgpt_daily,data/selected-projects.csv,selected_reference,,,,soft,selected,"status=selected; origin=digest_ranked; platforms=CD40106,Eurorack; tags=vco,kicad,fabrication,revision-errata,open-hardware; why_selected=Simple build-proven open VCO with unusually clear fabrication assets and errata; notes=CC BY-SA 4.0; measure pitch thermal tracking and control output headroom before reuse"
benjiaomodular/MiniVCA,webgpt_daily,data/published-repo-log.csv,published,2026-08-17,2026-08-17,2026-09-16,hard,published,MIT LM13700 VCA with editable KiCad and fabrication outputs; revision 1.2 explicitly unverified without measurements complete BOM or calibration
bitfieldaudio/OTTO + cester-ino/OTTO-hardware,webgpt_daily,data/published-repo-log.csv,published,2026-06-19,2026-06-19,2026-07-19,hard,published_candidate,Controls-rich Pi/STM32 groovebox hardware; DAC/main/power boards; SGTL5000; GPL-3.0; WIP
bk40-home/Jteensy8000,webgpt_daily,data/published-repo-log.csv,published,2026-05-23,2026-05-23,2026-06-22,hard,published,PJRC synth project with OB-Xa and VA filters supersaw-oriented mods USB host audio and browser editor
bkshepherd/DaisySeedProjects,webgpt_daily,data/published-repo-log.csv,published,2026-05-22,2026-05-22,2026-06-21,hard,published,Daisy Seed collection with substantial looper SDRAM waveform OLED MIDI sync USB storage and MIDI DMA notes
bkshepherd/DaisySeedProjects,webgpt_daily,data/selected-projects.csv,selected_reference,,,,soft,selected,"status=selected; origin=digest_ranked; platforms=Daisy Seed,125B,1590B; tags=pedal,stereo-audio,midi,oled,true-bypass,kicad,jlcpcb; why_selected=Directly reusable family of compact and extended pedal boards with current firmware and proven enclosure/manufacturing paths; notes=Previously published for software on 2026-05-22; selected now for separately verified hardware-family value and newer v1.6.0"
bkshepherd/DaisySeedProjects:hardware-family,webgpt_daily,data/published-repo-log.csv,published,2026-05-22,2026-07-16,2026-08-15,hard,published,https://github.com/bkshepherd/DaisySeedProjects maintained 125B and 1590B pedal family with editable KiCad stereo audio MIDI OLED controls relay bypass JLC assembly files enclosure drilling built hardware and v1.6.0 release
BleepSound/ms20-vcf-double,webgpt_daily,data/published-repo-log.csv,published,2026-07-27,2026-07-27,2026-08-26,hard,published,CC-BY-SA dual LM13700 MS-20-style VCF with editable KiCad BOM KiBot Gerbers and build evidence; upstream Barton licensing lineage unresolved
bljustice/hue,codex_weekly,codex-weekly/data/repo_feature_history.json,published,2026-06-09,2026-06-09,2026-07-09,hard,published,feature_count=1; last_rank=1
bluedrgn/usb-audio,codex_weekly,codex-weekly/data/repo_feature_history.json,published,2026-05-05,2026-05-05,2026-06-04,hard,published,feature_count=1; last_rank=5
bossersimon/stm32-audio-DSP,codex_weekly,codex-weekly/data/repo_feature_history.json,published,2026-04-21,2026-04-21,2026-05-21,hard,published,feature_count=1; last_rank=10
bread-modular/bread-modular,webgpt_daily,data/published-repo-log.csv,published,2026-07-05,2026-07-05,2026-08-04,hard,published,https://github.com/bread-modular/bread-modular ; open-source low-cost modular synth format; USB-powered; MIDI/CV/gate; analog/digital modules; ATtiny1616/ESP32 configurable digital modules; many KiCad module schematics; MIT license; lower priority than standalone hardware
bread-modular/bread-modular,webgpt_daily,data/selected-projects.csv,selected_reference,,,,soft,selected,"status=selected; origin=digest_ranked; platforms=ATtiny1616,ESP32,CV,MIDI; tags=modular-synth,open-hardware,kicad,low-cost,format; why_selected=Useful low-cost modular synth ecosystem/reference format; notes=Lower standalone priority; inspect module PCBs/BOMs before fabrication"
brer-rabbit/zoxnoxious,webgpt_daily,data/published-repo-log.csv,published,2026-07-11,2026-07-11,2026-08-10,hard,published,https://github.com/brer-rabbit/zoxnoxious ; modular analog synth ecosystem with six-slot Z-Card backplane; Raspberry Pi Zero 2 USB Audio/MIDI host; VCV Rack control; AS3340/AS3372/SSI2130/AS3394/SSI2140/SSI2190/YM2203 cards; KiCad schematic/PCB/project/assembly paths and card template; GPLv3; PCB internals/BOM/manufacturing completeness not fully parsed
brer-rabbit/zoxnoxious,webgpt_daily,data/selected-projects.csv,selected_reference,,,,soft,selected,"status=selected; origin=digest_ranked; platforms=Raspberry Pi,analog,VCV Rack; tags=standalone-synth,voice-card,backplane,analog,midi,usb-audio,kicad; why_selected=Best new swappable analog voice-card and host-software ecosystem; notes=GPLv3 not hardware-specific; PCB payloads not internally parsed; per-card production completeness varies"
bristol-communal-modular/dual-2164-vca,codex_weekly,codex-weekly/data/repo_feature_history.json,published,2026-04-18,2026-05-29,2026-06-28,hard,published,feature_count=2; last_rank=3
brume-aftertone/Brume,webgpt_daily,data/published-repo-log.csv,published,2026-07-18,2026-07-18,2026-08-17,hard,published,https://brume.aftertone.co/ ; CM5 software-defined four-part 24-voice touchscreen synth; FM/harmonic/timbral/granular engines; Rust zero-allocation RT DSP; Lua control/FX; class-compliant USB audio/MIDI concept; reproducible OTS hardware and deployment; GitHub source link and current stem status not independently resolved
brume-aftertone/Brume,webgpt_daily,data/selected-projects.csv,selected_reference,,,,soft,selected_extra,"status=selected_extra; origin=digest_ranked; platforms=Raspberry Pi CM5/Linux/Rust; tags=unusual-concept,software-defined-instrument,usb-audio,multitimbral,lua; why_selected=Reference for validating a complete instrument on reproducible off-the-shelf hardware before custom carrier development; notes=Recovered from selected-projects.append-2026-07-18.csv"
bseverns/seedBox,codex_weekly,codex-weekly/data/repo_feature_history.json,published,2024-03-26,2026-04-28,2026-05-28,hard,published,feature_count=2; last_rank=9
buranelectrix/lunchbeat-PCB,webgpt_daily,data/published-repo-log.csv,published,2026-07-13,2026-07-13,2026-08-12,hard,published,https://github.com/buranelectrix/lunchbeat-PCB ; ATmega328P 1-bit groovebox; firmware C source; full KiCad hardware project with schematic PCB and parts library claimed in README; firmware GPL-3.0; hardware CC-BY-SA-3.0; old/low-fidelity platform caveat
buranelectrix/lunchbeat-PCB,webgpt_daily,data/selected-projects.csv,selected_reference,,,,soft,selected,"status=selected; origin=digest_ranked; platforms=ATmega328P; tags=groovebox,1bit,kicad,hardware,drum-machine; why_selected=Complete editable low-cost groovebox hardware/firmware reference; notes=Recovered from selected-projects.append-2026-07-13.csv"
Campestria Versio,webgpt_daily,data/published-repo-log.csv,published,2026-05-20,2026-05-20,2026-06-19,hard,published,Plateau/Dattorro-style Versio reverb
CaratacusPotts/Matrix-Sequencer,webgpt_daily,data/published-repo-log.csv,published,2026-07-07,2026-07-07,2026-08-06,hard,published,https://github.com/CaratacusPotts/Matrix-Sequencer ; standalone MIDI sequencer/control surface; Matrix V2 plus inline looper/controller variants; ATSAMD21/ItsyBitsy M0; 4x TRS MIDI; Azoteq QS550 touch; PCAL6524 I/O; CAT4016 LED latches; KiCad schematics/PCB files; Arduino code; SolidWorks CAD; BOM; MIT; low-TRL and known PCB/schematic-error caveat
CaratacusPotts/Matrix-Sequencer,webgpt_daily,data/selected-projects.csv,selected_reference,,,,soft,selected,"status=selected; origin=digest_ranked_2026-07-07; platforms=Arduino,SAMD21,MIDI; tags=midi-sequencer,control-surface,touch-grid,kicad,solidworks,bom,hardware-ui; why_selected=Strong standalone MIDI interaction/control-surface reference; notes=Low-TRL and PCB-error caveat; use as interaction/reference more than direct fabrication target"
cardonabits/haxo-hw,webgpt_daily,data/published-repo-log.csv,published,2026-07-09,2026-07-09,2026-08-08,hard,published,https://github.com/cardonabits/haxo-hw ; RPi-family electronic saxophone/travel wind instrument; HAT PCB body; breath sensor; 3x8 keyboard; I2S audio amp; haxo-rs Rust driver plus FluidSynth; KiCad schematic/PCB/project verified; FreeCAD 3D models; BOM/assembly/manufacturing docs; hardware CC BY-SA 4.0
cardonabits/haxo-hw,webgpt_daily,data/selected-projects.csv,selected_reference,,,,soft,selected,"status=selected; origin=digest_ranked; platforms=Raspberry Pi,KiCad,FreeCAD; tags=wind-controller,instrument,source-hardware,breath,mechanical-keyboard,audio-amp; why_selected=Strong standalone custom instrument source-hardware archetype; notes=CC BY-SA hardware; pair with haxo-rs and haxo-ino software paths"
CarlosDerSeher/snapclient,webgpt_daily,data/published-repo-log.csv,published,2026-06-01,2026-06-01,2026-07-01,hard,published,ESP32 Snapcast client with FLAC OPUS PCM decoding I2S DAC support sync buffering DSP EQ HTTP UI OTA and ESP-IDF 5.x
CarlosDerSeher/snapclient,webgpt_daily,data/selected-projects.csv,selected_reference,,,,soft,selected,"status=selected; origin=digest_ranked; platforms=ESP32; tags=network-audio,snapcast,i2s,sync,streaming,dsp-eq; why_selected=ESP32 networked/synchronous audio streaming infrastructure; notes=Not a synth, but very relevant infrastructure"
carlvp/daisylab,codex_weekly,codex-weekly/data/repo_feature_history.json,published,2026-05-05,2026-05-05,2026-06-04,hard,published,feature_count=1; last_rank=10
carlvp/daisylab,webgpt_daily,data/published-repo-log.csv,published,2026-05-24,2026-05-24,2026-06-23,hard,published,Daisy experiments repo anchored by op6 six-operator FM synth DX7 SysEx conversion and companion editor workflow
carstenbund/mac-resonant-AU-plugin:daisy-seed,webgpt_daily,data/published-repo-log.csv,published,2026-06-04,2026-06-04,2026-07-04,hard,published,Daisy Seed 4-mode modal resonator port with USB MIDI 48k stereo automated test suite modal integration and ESP32-to-Daisy architecture notes
cehurley/kzoinks,codex_weekly,codex-weekly/data/repo_feature_history.json,published,2026-06-17,2026-06-17,2026-07-17,hard,published,feature_count=1; last_rank=6
centrevillage/ideal-groove-box,webgpt_daily,data/published-repo-log.csv,published,2026-07-09,2026-07-09,2026-08-08,hard,published,https://github.com/centrevillage/ideal-groove-box ; STM32H753/PCM3060 groovebox hardware architecture; core module with SAI/SDMMC/USB HS ULPI/USART/FRAM/IS31FL3731 LED driver; main KiCad schematic and audio-board-wm8731 PCB path verified; project restart/reorg caveat; firmware/build/license not verified
centrevillage/ideal-groove-box,webgpt_daily,data/selected-projects.csv,selected_reference,,,,soft,selected,"status=selected; origin=digest_ranked; platforms=STM32H7,KiCad; tags=groovebox,pcm3060,wm8731,control-surface,stm32h753,hardware-architecture; why_selected=Valuable groovebox hardware architecture despite stale/reorg repo state; notes=Source schematics verified; firmware/build/license not verified"
chairaudio/ILSE,webgpt_daily,data/published-repo-log.csv,published,2026-08-03,2026-08-03,2026-09-02,hard,published,CC-BY-NC-SA educational dual-VCO bridged-T VCF LFO synth voice with editable KiCad iBOM tagged revision-4 build and explicit uncompensated-pitch caveat
charlesvestal/CVCHothouse:PSXVerb,webgpt_daily,data/published-repo-log.csv,published,2026-06-10,2026-06-10,2026-07-10,hard,published,Recovered 2026-06-10 digest row; Daisy Hothouse effect candidate; source re-check recommended
Chrismettal/PedalDev,webgpt_daily,data/published-repo-log.csv,published,2026-07-04,2026-07-04,2026-08-03,hard,published,"https://github.com/Chrismettal/PedalDev ; modular stompbox hardware platform; KiCad projects, schematics, PCB files, BOM/Gerber/PCBA production evidence, FreeCAD/3D assets, CC BY-SA 4.0; analog-pedal caveat"
Chrismettal/PedalDev,webgpt_daily,data/selected-projects.csv,selected_reference,,,,soft,selected,"status=selected; origin=digest_ranked; platforms=Analog pedal/KiCad; tags=pedal,stompbox,kicad,freecad,hardware-platform; why_selected=Reusable two-board stompbox hardware platform with editable KiCad and production files; notes=Recovered from selected-projects.append-2026-07-04.csv; date=2026-07-04"
christofmuc/KnobKraft-orm,codex_weekly,codex-weekly/data/repo_feature_history.json,published,2026-05-12,2026-05-12,2026-06-11,hard,published,feature_count=1; last_rank=1
clevelandmusicco/HothouseExamples,webgpt_daily,data/published-repo-log.csv,published,2026-05-23,2026-05-23,2026-06-22,hard,published,Hothouse examples drop with four new analog-pedal-style effects plus precompiled binaries and strong scaffolding docs
clovesrodrigues/AUDIO_DSP,codex_weekly,codex-weekly/data/repo_feature_history.json,published,2026-06-17,2026-06-17,2026-07-17,hard,published,feature_count=1; last_rank=10
clutchitggs/xiao-edge-audio,codex_weekly,codex-weekly/data/repo_feature_history.json,published,2026-05-05,2026-05-05,2026-06-04,hard,published,feature_count=1; last_rank=2
craigyjp/AS2164-4P-filter,codex_weekly,codex-weekly/data/repo_feature_history.json,published,2026-04-21,2026-04-21,2026-05-21,hard,published,feature_count=1; last_rank=4
craigyjp/Teensy-Hybrid-TDM-Synth,webgpt_daily,data/published-repo-log.csv,published,2026-05-25,2026-05-25,2026-06-24,hard,published,Teensy hybrid poly synth using CS42448 TDM outs into analog filters plus FV-1 effects and reusable control ideas
ctag-fh-kiel/ctag-tbd,webgpt_daily,data/published-repo-log.csv,published,2026-06-01,2026-06-01,2026-07-01,hard,published,ESP32 Eurorack audio platform with 50plus plugins web UI REST API simulator cloud compiler sample ROM and v1.0.0 stability updates
ctag-fh-kiel/ctag-tbd,webgpt_daily,data/selected-projects.csv,selected_reference,,,,soft,selected,"status=selected; origin=digest_ranked; platforms=ESP32; tags=eurorack,dsp,plugins,simulator,web-ui; why_selected=Very interesting ESP32 Eurorack platform; explore plugin architecture and simulator tooling; notes=Key subpaths: https://github.com/ctag-fh-kiel/ctag-tbd/tree/master/components ; https://github.com/ctag-fh-kiel/ctag-tbd/tree/master/simulator"
CyberDuck79/Mutables_Daisies,webgpt_daily,data/published-repo-log.csv,published,2026-06-06,2026-06-06,2026-07-06,hard,published,Daisy Patch Mutable Instruments port framework with Plaitsy common UI SD presets user-data tools MIDI CV modulators Warps-style inputs ladder filter and polyphony
da-penguin-guy/Virgil-Controller,webgpt_daily,data/published-repo-log.csv,published,2026-06-16,2026-06-16,2026-07-16,hard,published,Recovered 2026-06-16 Audio Mining for MIDI row; custom MIDI controller candidate; source re-check recommended
DADDesign-Projects/Asynchronous-SPDIF-Mixer,webgpt_daily,data/published-repo-log.csv,published,2026-07-06,2026-07-06,2026-08-05,hard,published,https://github.com/DADDesign-Projects/Asynchronous-SPDIF-Mixer ; STM32H743 asynchronous S/PDIF mixer; 3 input streams to 48kHz output; drift compensation/interpolation; USB-MIDI mix control; Python control panel; flash presets; CubeIDE firmware and KiCad folder with schematics/PCB; MIT
DADDesign-Projects/Asynchronous-SPDIF-Mixer,webgpt_daily,data/selected-projects.csv,selected_reference,,,,soft,selected,"status=selected; origin=digest_ranked; platforms=STM32H7,SPDIF,KiCad; tags=digital-audio,mixer,clock-drift,interpolation,usb-midi,presets; why_selected=Useful standalone embedded digital-audio tool: asynchronous S/PDIF synchronization/mixing with USB-MIDI control and custom STM32H743 KiCad hardware; notes=Less synth/pedal-like, but strong reusable architecture for digital audio routing/sync"
DADDesign-Projects/DaisySeedCubeTemplate,codex_weekly,codex-weekly/data/repo_feature_history.json,published,2024-03-26,2026-05-29,2026-06-28,hard,published,feature_count=3; last_rank=8
DADDesign-Projects/OSCAR_P01A01,webgpt_daily,data/selected-projects.csv,selected_reference,,,,soft,selected,"status=selected; origin=digest_ranked; platforms=STM32H743,PCM3060,PGA2310,Daisy Seed; tags=pedal,multi-board,codec,sdram,qspi,kicad,freecad,open-hardware; why_selected=Rare current product-family ecosystem combining custom processor and audio boards mechanics firmware infrastructure and a lower-risk Daisy carrier; notes=MIT hardware repositories and Apache-2.0 main/software components; freeze submodule revisions before fabrication"
DADDesign-Projects/OSCAR_P01A01+ecosystem,webgpt_daily,data/published-repo-log.csv,published,2026-07-06,2026-07-06,2026-08-05,hard,published,https://github.com/DADDesign-Projects/OSCAR_P01A01 ; plus https://github.com/DADDesign-Projects/OSCAR_PROC_01 and https://github.com/DADDesign-Projects/OSCAR_AUDIO_01 ; STM32H743/PCM3060 modular digital guitar-effects platform; PROC_01 and AUDIO_01 KiCad 9 schematic/PCB/project/PDF/STEP source; QSPI/SDRAM; USB + TRS MIDI; encoders/TFT; DAD_FORGE firmware; flasher loader; Apache/MIT license split
DADDesign-Projects/OSCAR_P01A01+ecosystem,webgpt_daily,data/selected-projects.csv,selected_reference,,,,soft,selected,"status=selected; origin=digest_ranked; platforms=STM32H7,PCM3060,KiCad,FreeCAD; tags=guitar-effects,hardware-ecosystem,codec,sdram,qspi,midi,flasher,ui; why_selected=Best product-platform find for the run: modular digital guitar-effects rig with separate processor and audio boards plus software/flasher ecosystem; notes=Related repos: https://github.com/DADDesign-Projects/OSCAR_PROC_01 ; https://github.com/DADDesign-Projects/OSCAR_AUDIO_01 ; https://github.com/DADDesign-Projects/DAD_FORGE"
DADDesign-Projects/OSCAR_P01A01+PENDA,webgpt_daily,data/published-repo-log.csv,published,2026-07-16,2026-07-16,2026-08-15,hard,published,https://github.com/DADDesign-Projects/OSCAR_P01A01 current multi-repository pedal ecosystem with custom STM32H743 processor PCM3060-PGA2310 audio board FreeCAD mechanics MIT hardware Apache software and complementary Daisy PENDA carrier at https://github.com/DADDesign-Projects/PENDA-Hardware
DADDesign-Projects/PENDAII-Hardware+PENDAII-Software,webgpt_daily,data/published-repo-log.csv,published,2026-06-10,2026-06-13,2026-07-13,hard,published,Recovered 2026-06-10 and 2026-06-13 digest row; Daisy Seed stereo effects platform with UI MIDI encoders pots and hardware files; source re-check recommended
DaisyForum/Daisy-Effect-Pedal-Prototyping-Board,webgpt_daily,data/published-repo-log.csv,published,2026-06-10,2026-06-10,2026-07-10,hard,published,Recovered 2026-06-10 digest row; non-GitHub Daisy pedal prototyping board reference; URL re-check needed
danja/daisy-maybe,webgpt_daily,data/published-repo-log.csv,published,2026-06-09,2026-06-09,2026-07-09,hard,published,Recovered 2026-06-09 digest row; source re-check recommended
DBraun/DawDreamer,codex_weekly,codex-weekly/data/repo_feature_history.json,published,2024-03-17,2026-04-16,2026-05-16,hard,published,feature_count=3; last_rank=2
dduuukk/embedded-audio-sample-player-with-midi-support,webgpt_daily,data/published-repo-log.csv,published,2026-06-04,2026-06-04,2026-07-04,hard,published,STM32H7 bare-metal MIDI controlled WAV sampler with SDMMC FatFS SAI DMA codec driver UART MIDI custom PCB docs and performance notes
DhrBaksteen/ArduinoOPL2+OPL2-Audio-Board,webgpt_daily,data/published-repo-log.csv,published,2026-06-30,2026-06-30,2026-07-30,hard,published,https://github.com/DhrBaksteen/ArduinoOPL2 ; Hackaday OPL2 Audio Board with YM3812+YM3014B+LM358 retro-FM board; Fritzing schematic/PCB source and enclosure STLs; Arduino/Teensy/Raspberry Pi OPL2/OPL3 library v2.1.4; MIDI synth and DRO/IMF/VGM examples; hardware license not verified
dilshan/arduino-mini-amp,webgpt_daily,data/published-repo-log.csv,published,2026-08-03,2026-08-03,2026-09-02,hard,published,OSHWA-certified CERN-OHL-W mixed-signal stereo amplifier with TDA8425 analog processing YDA138 class-D power Arduino control firmware Gerbers and build evidence; legacy IC sourcing risk
dilshan/arduino-mini-amp,webgpt_daily,data/selected-projects.csv,selected_reference,,,,soft,selected,"status=selected; origin=digest_ranked; platforms=ATmega328P,TDA8425,YDA138; tags=analog-audio-processor,class-d,bluetooth,preset-control,oshwa,cern-ohl; why_selected=Complete certified digitally controlled analog amplifier architecture with firmware manufacturing files and real build evidence; notes=Hardware CERN-OHL-W-2.0; TDA8425 is obsolete and YDA138/AC6939 sourcing needs redesign"
DIYSynthMNL/Eurorack-2164-Quad-Exponential-VCA,codex_weekly,codex-weekly/data/repo_feature_history.json,published,2026-05-26,2026-05-26,2026-06-25,hard,published,feature_count=1; last_rank=3
DIYSynthMNL/Eurorack-PT2399-Delay,webgpt_daily,data/published-repo-log.csv,published,2026-06-04,2026-06-04,2026-07-04,hard,published,Eurorack PT2399 delay hardware reference with voltage controlled pin6 current source dual wet outputs aux feedback anti latchup TL431 reference and calibration notes
dkonigsberg/nestronic,webgpt_daily,data/published-repo-log.csv,published,2026-07-12,2026-07-12,2026-08-11,hard,published,https://github.com/dkonigsberg/nestronic ; standalone NES game-music synthesizer/alarm-clock; genuine RP2A03/NES APU plus ESP32 supervisory domain; hierarchical KiCad schematics; main and input PCB source; ESP32 and RP2A03 firmware; detailed enclosure/fastener/print notes; no repository-wide licence verified; older platform
dkonigsberg/nestronic,webgpt_daily,data/selected-projects.csv,selected_reference,,,,soft,selected,"status=selected; origin=digest_ranked; platforms=ESP32,RP2A03; tags=standalone-audio,chip-synth,multi-board,kicad,mechanical,firmware; why_selected=Unusually complete dual-domain chip-synth appliance with source electronics and enclosure engineering; notes=No repository-wide licence verified; older ESP-IDF/KiCad and NES-specific hardware"
DMME-NL/RP2040-DSP-Public,webgpt_daily,data/published-repo-log.csv,published,2026-06-16,2026-07-09,2026-08-08,hard,published,https://github.com/DMME-NL/RP2040-DSP-Public ; RP2040 24-bit/48k stereo multi-FX pedal; dual-core DSP/UI split; PCM1808 ADC + PCM5102 DAC modules; SPI RAM delay lines; OLED/encoder/6 pots/footswitches/tap/VU/expression inputs; KiCad/Gerbers/BOM claimed in repo and PCBWay assembly pages; GPLv3; MIDI/expression not implemented and EDA parse not verified
DMME-NL/RP2040-DSP-Public,webgpt_daily,data/selected-projects.csv,selected_reference,,,,soft,watch,"status=watch; origin=2026-06-16-audio-mining-midi; platforms=RP2040; tags=dsp,controller,custom-board; why_selected=Recovered from custom MIDI/controller mining but repository URL was not confirmed; notes=GitHub search did not confirm this path during recovery; re-check manually"
dwhinham/mt32-pi,webgpt_daily,data/published-repo-log.csv,published,2026-05-26,2026-05-26,2026-06-25,hard,published,Bare-metal Raspberry Pi MIDI synth appliance using Munt FluidSynth Circle; I2S DAC and network MIDI
Dylan-Hackett/Thaumazein,webgpt_daily,data/published-repo-log.csv,published,2026-06-08,2026-06-08,2026-07-08,hard,published,Daisy Seed polyphonic Eurorack voice with Plaits engines arpeggiator MPR121 touch UI QSPI XIP boot app flow Clouds buffers CPU metering and sample-rate block-size notes
eh2k/squares-and-circles,codex_weekly,codex-weekly/data/repo_feature_history.json,published,2024-03-17,2024-03-17,2024-04-16,hard,published,feature_count=1; last_rank=5
eh2k/squares-and-circles,webgpt_daily,data/published-repo-log.csv,published,2026-06-09,2026-06-09,2026-07-09,hard,published,Recovered 2026-06-09 digest row; source re-check recommended
Eight4aWish/eurorack_modules,webgpt_daily,data/published-repo-log.csv,published,2026-06-06,2026-06-06,2026-07-06,hard,published,Multi-target Eurorack firmware monorepo covering Teensy Move Pico2W OC Daisy MFX ESP32 Link CortHex and Ksoloti Elements with hardware control calibration notes
Electrotechnique/TSynth-Teensy4.1,webgpt_daily,data/published-repo-log.csv,published,2026-06-03,2026-06-03,2026-07-03,hard,published,Teensy 4.1 hardware synth with PCB front-panel files SD presets 12-voice audio graph USB I2S output ensemble filter and patch architecture
elephark/TeensyPoly41,webgpt_daily,data/published-repo-log.csv,published,2026-07-02,2026-07-02,2026-08-01,hard,published,https://github.com/elephark/TeensyPoly41 ; Teensy 4.1 poly synth control PCB; single 2-layer board with pots/switches/buttons; mux-heavy control scanning; ADSR/filter controls; KiCad schematic/project parsed; PCB file path exists but board content was not successfully parsed in this run; firmware/BOM/license not verified
emeb/dspod,webgpt_daily,data/published-repo-log.csv,published,2026-06-26,2026-06-26,2026-07-26,hard,published,https://github.com/emeb/dspod ; Modular Eurorack audio DSP ecosystem with carrier and STM32U3C5/RP2350/ESP32S3/H7R3/iCE40 daughterboards; NAU88C22 codec; KiCad 9; bench-tested audio/CV/LCD/encoder; HSP spectral-freeze timing notes
eTextile/Synth,codex_weekly,codex-weekly/data/repo_feature_history.json,published,2026-04-28,2026-05-29,2026-06-28,hard,published,feature_count=2; last_rank=1
eTextile/Synth,webgpt_daily,data/published-repo-log.csv,published,2026-05-25,2026-05-25,2026-06-24,hard,published,Teensy 4.0 textile multitouch instrument and browser-mapped control architecture with fresh 2026 MIDI-path updates
Farmer2K5/daisy-fast-stft,webgpt_daily,data/published-repo-log.csv,published,2026-05-29,2026-05-29,2026-06-28,hard,published,Daisy CMSIS-DSP STFT ISTFT spectral ops and feature extraction framework
Farmer2K5/daisy-reverb-playground,webgpt_daily,data/published-repo-log.csv,published,2026-05-26,2026-05-26,2026-06-25,hard,published,Daisy reverb research playground with FDN tanks diffusion blocks freeze behaviors and example topologies
Farmer2K5/daisy-sdram-delaylines,webgpt_daily,data/published-repo-log.csv,published,2026-06-08,2026-06-08,2026-07-08,hard,published,Daisy Seed SDRAM-backed delay-line extensions with allocator and external buffer modes plus measured SRAM and CPU tradeoffs for long delays and reverbs
filliformes/pandore,webgpt_daily,data/published-repo-log.csv,published,2026-07-05,2026-07-05,2026-08-04,hard,published,https://github.com/filliformes/pandore ; open-source digital audio instrument prototyping platform; LattePanda Mu plus Teensy 4.1 plus dual RP2350; CS4272 codec; THS4521/OPA1656 pro audio path; 48V phantom; I2S/I2C isolation; MIDI DIN; KiCad 10 source; 2026-03-19 A0 manufacturing release; CERN-OHL-S-2.0; complex A0 hardware caveat
filliformes/pandore,webgpt_daily,data/selected-projects.csv,selected_reference,,,,soft,selected,"status=selected; origin=digest_ranked; platforms=LattePanda Mu,Teensy,RP2350; tags=instrument-platform,pro-audio,codec,phantom,isolation,kicad; why_selected=Product-scale open-source digital audio instrument motherboard with serious pro-audio and manufacturing evidence; notes=A0 hardware; high complexity; use as architecture benchmark before build target"
Fora888/fully-digital-modular-hardware-synthesizer,webgpt_daily,data/published-repo-log.csv,published,2026-06-07,2026-06-07,2026-07-07,hard,published,Teensy Audio fully digital modular protocol using 2Mbaud UART 44.1kHz 16bit audio packets with VCA ADSR wavetable VCO USB and analog IO PCB examples
forrestrae/teensy-sound-sensor-pcb,codex_weekly,codex-weekly/data/repo_feature_history.json,published,2026-04-28,2026-04-28,2026-05-28,hard,published,feature_count=1; last_rank=4
friedpies/kelpie-pocket-synth,webgpt_daily,data/published-repo-log.csv,published,2026-07-11,2026-07-15,2026-08-14,hard,published,https://github.com/friedpies/kelpie-pocket-synth standalone Teensy SGTL5000 MIDI synth with editable Eagle electronics Fusion 360 enclosure MIT licence BOM path and three built prototypes; promoted after prior HOLD gaps were resolved
friedpies/kelpie-pocket-synth,webgpt_daily,data/selected-projects.csv,selected_reference,,,,soft,selected,"status=selected; origin=digest_ranked; platforms=Teensy 3.2,SGTL5000; tags=standalone-synth,midi,control-surface,eagle,fusion360,codec; why_selected=Complete modifiable desktop synth spanning electronics firmware controls and enclosure with repeated physical builds; notes=MIT repository licence; modern compute/codec respin recommended"
ftrias/TeensyDebug,webgpt_daily,data/selected-projects.csv,selected_reference,,,,soft,related_infrastructure,"status=related_infrastructure; origin=related_link; platforms=Teensy; tags=debug,gdb,crash-diagnostics; why_selected=Useful Teensy debugging support; notes=Support tool, not audio project"
FundamentalFrequency/LMN-3,webgpt_daily,data/published-repo-log.csv,published,2026-06-28,2026-06-28,2026-07-28,hard,published,https://github.com/FundamentalFrequency ; Open-source DAW-in-a-box spanning LMN-3-Build-Guide/DAW/ECAD/MCAD/Firmware/Emulator/Keycaps; Raspberry Pi DAW; Teensy 4.1 MIDI control firmware; KiCad 6 PCB; FreeCAD enclosure; BOM; DXF/STL; PlatformIO/CMake build evidence
FuzzyLotus/Phantasmagoria,webgpt_daily,data/published-repo-log.csv,published,2026-06-10,2026-06-10,2026-07-10,hard,published,Recovered 2026-06-10 digest row; hardware oriented embedded audio candidate; source re-check recommended
GareBear99/SpaceMaid,codex_weekly,codex-weekly/data/repo_feature_history.json,published,2026-04-28,2026-04-28,2026-05-28,hard,published,feature_count=1; last_rank=6
GaudiLabs/OpenTheremin_V3_Shield,webgpt_daily,data/selected-projects.csv,selected_reference,,,,soft,selected,"status=selected; origin=digest_ranked; platforms=Arduino; tags=theremin,expressive-controller,rf-sensing,wavetable,dac,kicad; why_selected=Complete unconventional sensor-to-sound instrument with editable hardware and firmware; notes=Older UNO platform; GPLv3 rather than hardware-specific license"
GaudiLabs/OpenTheremin_V3_Shield+OpenTheremin_V3,webgpt_daily,data/published-repo-log.csv,published,2026-07-10,2026-07-10,2026-08-09,hard,published,https://github.com/GaudiLabs/OpenTheremin_V3_Shield ; plus https://github.com/GaudiLabs/OpenTheremin_V3 ; Arduino UNO theremin shield; dual heterodyne pitch/volume sensing; 4069/74HC74; MCP4921/MCP4922 DACs; wavetable firmware; editable KiCad schematic and two-layer PCB parsed; Gerbers/BOM claim; GPLv3; old-platform/calibration caveat
ghostintranslation/motherboard+synth+ds909,webgpt_daily,data/published-repo-log.csv,published,2026-06-07,2026-06-07,2026-07-07,hard,published,Teensy 4.0 modular synth platform with 16 analog inputs MIDI JSON SysEx 2ch I2S or 8ch TDM plus FM synth and DS909 drum synth
gligli/overcycler,webgpt_daily,data/published-repo-log.csv,published,2026-07-12,2026-07-12,2026-08-11,hard,published,https://github.com/gligli/overcycler ; six-voice hybrid single-cycle/analog polysynth; LPC1778; six SSI2144 filters; LM13700 VCAs; MCP4922 plus AD5674R control DACs; TLV2556 ADC; DIN MIDI; isolated USB; W25Q512 flash; editable KiCad 8 voice/main/PSU/enclosure source; JLCPCB BOM/CPL/Gerbers; firmware/manual; GPLv3 but hardware-specific licence not verified
gligli/overcycler,webgpt_daily,data/selected-projects.csv,selected_reference,,,,soft,selected,"status=selected; origin=digest_ranked; platforms=LPC1778,analog; tags=standalone-synth,hybrid,polyphonic,kicad,bom,manufacturing,midi,enclosure; why_selected=Complete six-voice hybrid instrument with source hardware, production package and embedded firmware; notes=GPLv3 is not hardware-specific; component lifecycle and analog validation require review"
glittershark/jazz,webgpt_daily,data/published-repo-log.csv,published,2026-06-08,2026-06-08,2026-07-08,hard,published,Daisy Seed granular engine source reference with circular buffer scheduled write erase updates multiple moving heads random grain jumps fade handling slab allocation and callback wrapper
gmoican/GuitPreamp,codex_weekly,codex-weekly/data/repo_feature_history.json,published,2026-04-21,2026-04-21,2026-05-21,hard,published,feature_count=1; last_rank=7
grahamfranz/PoleZero,codex_weekly,codex-weekly/data/repo_feature_history.json,published,2026-06-17,2026-06-17,2026-07-17,hard,published,feature_count=1; last_rank=7
grame-cncm/faust,codex_weekly,codex-weekly/data/repo_feature_history.json,published,2026-05-12,2026-06-17,2026-07-17,hard,published,feature_count=2; last_rank=1
grantek/minisynth32,webgpt_daily,data/published-repo-log.csv,published,2026-06-28,2026-06-28,2026-07-28,hard,published,https://github.com/grantek/minisynth32 ; 3D-printable standalone MT-32/mt32-pi synth hardware with PCM5102 I2S DAC, OLED, DIN or USB MIDI, front/rear KiCad PCB source, BOM/build guide, through-hole construction and enclosure/STL assets
GreerPage/teensy_audio_illusions,codex_weekly,codex-weekly/data/repo_feature_history.json,published,2026-05-05,2026-05-05,2026-06-04,hard,published,feature_count=1; last_rank=6
GuitarML/FunBox,webgpt_daily,data/published-repo-log.csv,published,2026-05-20,2026-05-20,2026-06-19,hard,published,Practical flashable pedal firmware
GuitarML/GuitarPedalPCBs,webgpt_daily,data/published-repo-log.csv,published,2026-08-17,2026-08-17,2026-09-16,hard,published,MIT KiCad analog pedal collection with tested boost and Tube Screamer Rat combination; combination pedal lacks revisioned BOM and manufacturing bundle
GullDSP/Circulate-VST,codex_weekly,codex-weekly/data/repo_feature_history.json,published,2026-05-26,2026-05-26,2026-06-25,hard,published,feature_count=1; last_rank=7
h4yn0nnym0u5e/AudioPatcher,webgpt_daily,data/published-repo-log.csv,published,2026-06-01,2026-06-01,2026-07-01,hard,published,Teensy runtime configurable audio graph proof with dynamic audio objects patchcord editor SD patch loading MIDI and display control UI
habuenav/samplerSynth,webgpt_daily,data/published-repo-log.csv,published,2026-05-26,2026-05-26,2026-06-25,hard,published,ESP32 I2S sample-synth library; WAV samples; polyphony; LittleFS and optional MIDI integration
Harold-Street-Pedal-Company/HSP_Protoseed,codex_weekly,codex-weekly/data/repo_feature_history.json,published,2024-03-19,2026-05-19,2026-06-18,hard,published,feature_count=3; last_rank=10
harshmane-git/Real-Time-Embedded-Audio-DSP-System-on-ESP32,codex_weekly,codex-weekly/data/repo_feature_history.json,published,2026-04-18,2026-06-09,2026-07-09,hard,published,feature_count=2; last_rank=10
hasanalpdoyduk/Teensy_Drum_Machine,webgpt_daily,data/published-repo-log.csv,published,2026-05-26,2026-05-26,2026-06-25,hard,published,Teensy 4.1 drum machine with 16-step sequencer sampled voices USB MIDI clock output filter and EEPROM persistence
hatchjaw/ananas-client,codex_weekly,codex-weekly/data/repo_feature_history.json,published,2026-04-28,2026-04-28,2026-05-28,hard,published,feature_count=1; last_rank=7
heartwerktech/daisy_seed_tdm_eurorack_pmod,webgpt_daily,data/published-repo-log.csv,published,2026-06-07,2026-06-07,2026-07-07,hard,published,Daisy Seed TDM AK4619 Eurorack PMOD example with libDaisy fork driver pin map VU LED path and multichannel audio front-end bridge
hemmer/PlaitsPatchInit,codex_weekly,codex-weekly/data/repo_feature_history.json,published,2024-03-19,2026-04-16,2026-05-16,hard,published,feature_count=2; last_rank=10
HolyBimBam/xiao-audio-midi-breakout-v1.0,webgpt_daily,data/published-repo-log.csv,published,2026-06-03,2026-06-03,2026-07-03,hard,published,RP2350 Xiao audio MIDI breakout with PCM5102A TRS MIDI USB MIDI AMY firmware and active Synth_Dexed DX7 bring-up
ice458/pico_synthesizer,webgpt_daily,data/published-repo-log.csv,published,2026-07-12,2026-07-12,2026-08-11,hard,published,https://github.com/ice458/pico_synthesizer ; RP2350/Pico 2 16-channel up-to-20-voice synth; USB MIDI; five waveforms; ADSR; PCM/ADPCM drums; reverb; 40kHz PIO audio; Pico SDK 2.1.1/CMake; editable KiCad 9 schematic and two-layer PCB; MIT; no exported BOM/enclosure/validation package
ice458/pico_synthesizer,webgpt_daily,data/selected-projects.csv,selected_reference,,,,soft,selected,"status=selected; origin=digest_ranked; platforms=RP2350,Pico 2; tags=standalone-synth,polyphonic,usb-midi,pio-audio,kicad,low-cost; why_selected=Modern low-cost multitimbral synth with editable source hardware and firmware; notes=No exported BOM/enclosure/assembly or performance validation; hardware licence scope unclear"
ijfarrell/PlanterExamples,webgpt_daily,data/published-repo-log.csv,published,2026-06-06,2026-06-06,2026-07-06,hard,published,Daisy Patch SM Planter Eurorack extender examples with 6 knobs toggles gate CV audio IO bipolar CV outs libDaisy build and front-panel bootloader workflow
ijnekenamay/picotracker_alt-pcb+xiphonics/picoTracker,webgpt_daily,data/published-repo-log.csv,published,2026-07-05,2026-07-15,2026-08-14,hard,published,https://github.com/ijnekenamay/picotracker_alt-pcb editable KiCad handheld with BOM Gerbers enclosure STL corrected MIDI carrier and active BSD canonical firmware at https://github.com/xiphonics/picoTracker; promoted after prior HOLD gaps were resolved
ijnekenamay/picotracker_alt-pcb+xiphonics/picoTracker,webgpt_daily,data/selected-projects.csv,selected_reference,,,,soft,selected,"status=selected; origin=digest_ranked; platforms=RP2040,PCM5102; tags=tracker,sampler,midi,handheld,kicad,open-hardware; why_selected=Buildable editable handheld carrier paired with actively released tracker firmware and rich sample/MIDI engine; notes=MIT hardware derivative plus BSD canonical firmware; consolidate breakout modules for a product"
Ixox/preenfm2,webgpt_daily,data/published-repo-log.csv,published,2026-06-19,2026-06-19,2026-07-19,hard,published_candidate,preenFM2 firmware/source plus PCB/MCU board/case hardware files; older reference
Ixox/preenfm3,webgpt_daily,data/published-repo-log.csv,published,2026-06-19,2026-06-19,2026-07-19,hard,published_candidate,Standalone FM synth; bootloader/docs/firmware/hardware/libs/scripts/releases; license/case details need final verification
jakubthedeveloper/Samplotron,codex_weekly,codex-weekly/data/repo_feature_history.json,published,2024-03-26,2026-04-28,2026-05-28,hard,published,feature_count=2; last_rank=1
JerrySievert:PADSynth-Pulsar-PitchShiftedReverb,webgpt_daily,data/published-repo-log.csv,published,2026-06-06,2026-06-06,2026-07-06,hard,published,Daisy Patch SM Patch Init mini-algorithm set covering PAD wavetable generation pulsar synthesis and pitch-shifted reverb with DFU build flows
jmamma/MegaCommand_Design+MCL,webgpt_daily,data/published-repo-log.csv,published,2026-06-15,2026-06-15,2026-07-15,hard,published,Recovered 2026-06-15 MIDI controller digest row; MegaCommand MCL hardware firmware ecosystem useful for complex MIDI control appliance UI workflows
joebmz98/Weasel-West-Coast-Synthesiser,webgpt_daily,data/published-repo-log.csv,published,2026-05-26,2026-05-26,2026-06-25,hard,published,Buchla-inspired Daisy synth with virtual patch bay wavefolder LPGs random voltage and dense hardware UI
joeriben/T5ynth,codex_weekly,codex-weekly/data/repo_feature_history.json,published,2026-05-12,2026-06-17,2026-07-17,hard,published,feature_count=2; last_rank=5
jonbro/Audcalc,webgpt_daily,data/published-repo-log.csv,published,2026-06-19,2026-06-19,2026-07-19,hard,published_candidate,Pocket RP2040 groovebox; enclosure/hardware/images/firmware/guide; KiCad BOM; MIT
JordanAceto/micro-pico,webgpt_daily,data/published-repo-log.csv,published,2026-05-29,2026-05-29,2026-06-28,hard,published,SSI2130 analog monosynth and swappable VCF card ecosystem including SSI2140-relevant hardware patterns
JordanAceto/micro_ox,webgpt_daily,data/published-repo-log.csv,published,2026-07-06,2026-07-06,2026-08-05,hard,published,"https://github.com/JordanAceto/micro_ox ; multi-board analog monosynth with digital control path; SSI2130 VCOs, SSI2140 VCF, MIDI/CV inputs; VCO, VCF/VCA, modulation, power/IO boards; KiCad source per component; Rust/STM32 firmware; CC-BY-4.0 hardware and MIT software; prototype/kludge/documentation caveat"
JordanAceto/micro_ox,webgpt_daily,data/selected-projects.csv,selected_reference,,,,soft,selected,"status=selected; origin=digest_ranked; platforms=STM32,analog,KiCad; tags=monosynth,ssi2130,ssi2140,midi,cv,multiboard,front-panel; why_selected=Polykit-like analog/digital monosynth reference with multiple editable hardware boards and explicit hardware/software license split; notes=Prototype in flux; check pcb_kludges before fabrication"
JordanAceto/SSI2140_12_stage_phase_shifter,codex_weekly,codex-weekly/data/repo_feature_history.json,published,2026-04-18,2026-05-26,2026-06-25,hard,published,feature_count=2; last_rank=5
joshreiss/Audio_Effects-Theory_Implementation_and_Application,codex_weekly,codex-weekly/data/repo_feature_history.json,published,2024-03-19,2024-03-19,2024-04-18,hard,published,feature_count=1; last_rank=8
JoshuaJRideout/PedalForge,codex_weekly,codex-weekly/data/repo_feature_history.json,published,2026-05-26,2026-05-26,2026-06-25,hard,published,feature_count=1; last_rank=9
joulupukki/Flick,webgpt_daily,data/published-repo-log.csv,published,2026-05-24,2026-05-24,2026-06-23,hard,published,Daisy reverb tremolo delay pedal with hidden-mode UI tap tempo parameter capture and dual-platform targeting
jromanki/fpga-fm-synth,webgpt_daily,data/published-repo-log.csv,published,2026-06-28,2026-06-28,2026-07-28,hard,published,"https://github.com/jromanki/fpga-fm-synth ; Tang Nano 20K FPGA FM synth with Verilog DDS/polyphonic/I2S/SPI path, STM32 BlackPill UART MIDI dynamic voice allocation, KiCad schematic/PCB, scripts/testbenches; license not verified"
kayrockscreenprinting/ultramaster_kr106,codex_weekly,codex-weekly/data/repo_feature_history.json,published,2026-05-12,2026-05-12,2026-06-11,hard,published,feature_count=1; last_rank=2
kencul/STM32F4-AudioSynthesis,webgpt_daily,data/published-repo-log.csv,published,2026-06-04,2026-06-04,2026-07-04,hard,published,Bare-metal STM32F407 wavetable synth with USB MIDI CS43L22 I2S DMA 8 voices ZDF SVF host tests and CCMRAM timing notes
kerm1t/DaisySeed,webgpt_daily,data/published-repo-log.csv,published,2026-05-22,2026-05-22,2026-06-21,hard,published,Large Daisy integration lab covering braids granular GuitarML OLEDs SDRAM WM8731 codec and gate sequencer hardware ideas
khiner/flowgrid,codex_weekly,codex-weekly/data/repo_feature_history.json,published,2026-05-12,2026-05-12,2026-06-11,hard,published,feature_count=1; last_rank=8
kooliha/Ouroboros_Loop_Station,webgpt_daily,data/published-repo-log.csv,published,2026-05-25,2026-05-25,2026-06-24,hard,published,Daisy 5-track stereo looper with firmware binaries gerbers BOM enclosure files and strong zero-menu control design
korginc/logue-sdk,codex_weekly,codex-weekly/data/repo_feature_history.json,published,2024-03-17,2026-05-19,2026-06-18,hard,published,feature_count=5; last_rank=2
kratofl/kratomix,codex_weekly,codex-weekly/data/repo_feature_history.json,published,2026-05-29,2026-05-29,2026-06-28,hard,published,feature_count=1; last_rank=10
kschzt/harp,webgpt_daily,data/published-repo-log.csv,published,2026-07-13,2026-07-13,2026-08-12,hard,published,https://github.com/kschzt/harp ; open hardware-audio runtime protocol and reference stack; Raspberry Pi real-device implementation; total recall; content-addressed state; UMP; sample-accurate automation; offline hardware bounce; VST3 AU CLAP shells; extensive CI/conformance; custom PCB source not central or verified
kschzt/harp,webgpt_daily,data/selected-projects.csv,selected_reference,,,,soft,related_infrastructure,"status=related_infrastructure; origin=digest_ranked; platforms=Raspberry Pi/Linux; tags=daw-integration,total-recall,usb-audio,ump,plugins,protocol; why_selected=High-value open protocol and conformance architecture for hardware instruments; notes=Recovered from selected-projects.append-2026-07-13.csv"
ksoloti/ksoloti-gills,webgpt_daily,data/published-repo-log.csv,published,2026-06-27,2026-06-27,2026-07-27,hard,published,"https://github.com/ksoloti/ksoloti-gills ; Ksoloti standalone desktop synth/effects box hardware with OLED, encoder, 10 pots, buttons, LEDs, line/headphone I/O, MIDI, optional CV expander, KiCad 9 CAD/Gerbers/BOM/CPL and CC BY 4.0 hardware; requires Ksoloti Core"
kwarc93/audio-multieffect,codex_weekly,codex-weekly/data/repo_feature_history.json,published,2024-03-19,2026-04-16,2026-05-16,hard,published,feature_count=3; last_rank=8
ledlaux/duna-pico2-drumsynth,webgpt_daily,data/published-repo-log.csv,published,2026-06-04,2026-06-04,2026-07-04,hard,published,RP2350 Pico2 drum synth using Plaits Grids Euclidean sequencing USB MIDI PCM5102 I2S WebUI JSON presets and MIDI clock handling
ledlaux/vija-pico-synth,webgpt_daily,data/published-repo-log.csv,published,2026-06-03,2026-06-03,2026-07-03,hard,published,RP2040 RP2350 Braids-derived Pico synth with 40plus engines OLED oscilloscope CV MIDI arpeggiator I2S and soft-takeover UI
LeetAI,webgpt_daily,data/selected-projects.csv,selected_reference,,,,soft,selected,"status=selected; origin=digest_ranked; platforms=ESP32-S2; tags=portable-synth,rgb-keys,encoders,tft,enclosure; why_selected=Portable controls-rich synth concept with enclosure and MIT license; notes=Prototype maturity needs checking"
Len42/dat-ting,webgpt_daily,data/published-repo-log.csv,published,2026-06-07,2026-06-07,2026-07-07,hard,published,Daisy Seed 10HP multifunction Eurorack DSP module with open hardware firmware KiCad Gerbers BOM VCO drums delay reverb bitcrusher quantizer OLED encoder CV audio IO
Len42/Synth:modules/VCO-2131,webgpt_daily,data/published-repo-log.csv,published,2026-08-03,2026-08-03,2026-09-02,hard,published,CC-BY-4.0 SSI2131 analog VCO with editable KiCad Gerbers BOM calibration built evidence and explicit obsolete-middle-board warning
Len42/Synth:VCO-2131,webgpt_daily,data/selected-projects.csv,selected_reference,,,,soft,selected,"status=selected; origin=digest_ranked; platforms=SSI2131; tags=analog-vco,ssi2131,one-volt-per-octave,kicad,calibration,open-hardware; why_selected=Rare complete CC-BY modern SSI2131 VCO with editable sources calibration guidance built evidence and a useful revision warning; notes=Do not use the obsolete OSH Park middle-board revision; independently verify the ten-octave claim"
lewis1286/quad-boids-mixer,webgpt_daily,data/published-repo-log.csv,published,2026-06-08,2026-06-08,2026-07-08,hard,published,Daisy Patch quadraphonic CV positioned mixer with 4in 4out spatial pan law path boids automation smoothing OLED feedback and interrupt main-loop split
littlebitselectronics/eagle-files,webgpt_daily,data/published-repo-log.csv,published,2026-07-27,2026-07-27,2026-08-26,hard,published,CERN-OHL-1.2 manufactured 5V synth circuit archive with oscillator filter envelope random mixer sequencer speaker and PT2399 delay sources
lluisestape-upc/Synth1.0,codex_weekly,codex-weekly/data/repo_feature_history.json,published,2026-05-29,2026-05-29,2026-06-28,hard,published,feature_count=1; last_rank=7
lonesoulsurfer/Acid_Drip_Bassline_and_Drum_Synth,webgpt_daily,data/published-repo-log.csv,published,2026-07-17,2026-07-17,2026-08-16,hard,published,https://github.com/lonesoulsurfer/Acid_Drip_Bassline_and_Drum_Synth RP2040 Mozzi acid and drum groovebox with editable KiCad mainboard front panel CSV BOM firmware build photos and missing explicit licence
LouDnl/USBSID-Pico,webgpt_daily,data/published-repo-log.csv,published,2026-06-29,2026-06-29,2026-07-29,hard,published,"https://github.com/LouDnl/USBSID-Pico ; RP2040/RP2350 dual-SID hardware interface for MOS6581/6582/8580 and SID replacements; USB/WebUSB/MIDI/ASID/Cynthcart/embedded player firmware; v1.0 KiCad/schematic/iBOM/OSHWA/CC BY-SA; v1.3 schematic/iBOM/Gerbers/manuals with NC-ND license; documented SID rails, audio filtering and ground-loop caveats"
LTVA1/STM32CrapSynth,webgpt_daily,data/published-repo-log.csv,published,2026-07-02,2026-07-02,2026-08-01,hard,published,https://github.com/LTVA1/STM32CrapSynth ; STM32F303RE/AD9833/MM5437/LTC1063 hybrid hardware/software synth; KiCad top-board; CMSIS-only firmware; Furnace tracker export/emulation; 8 channels summed to 3.5mm output; partial multi-board source and product-readiness caveats
lucblender/lx-deciim,webgpt_daily,data/published-repo-log.csv,published,2026-05-25,2026-05-25,2026-06-24,hard,published,Daisy-based dual-channel bit-level crusher with CV-replaced bits and strong modular audio-CV crossover ideas
lucidcoding/daisy-seed-development-kit,webgpt_daily,data/published-repo-log.csv,published,2026-06-13,2026-06-13,2026-07-13,hard,published,Recovered 2026-06-13 digest row; Daisy Seed control extension kit with breakout codec MIDI and potentiometer array context; URL re-check needed
lucwei/solisynth-main,webgpt_daily,data/published-repo-log.csv,published,2026-07-20,2026-07-20,2026-08-19,hard,published,CERN-OHL-S analog VCO SSM2164 VCA and mixer KiCad collection; no releases measurements calibration Gerbers or finished-build evidence
luni64/EncoderTool,webgpt_daily,data/selected-projects.csv,selected_reference,,,,soft,related_infrastructure,"status=related_infrastructure; origin=related_link; platforms=Teensy,ESP32,Arduino; tags=encoder,ui,input,controls; why_selected=Useful encoder/control-input infrastructure; notes=Support library"
Lytrix/Teensy4-i2s-TDM,webgpt_daily,data/published-repo-log.csv,published,2026-05-20,2026-05-20,2026-06-19,hard,published,High-rate multichannel Teensy audio
m0xpd/Daisy-Multiverse,webgpt_daily,data/published-repo-log.csv,published,2026-05-22,2026-05-22,2026-06-21,hard,published,Daisy Trellis OLED multi-application platform with synths looper Karplus-Strong Plaits-derived apps and reusable UI architecture
madskjeldgaard/portedplugins,webgpt_daily,data/published-repo-log.csv,published,2026-06-09,2026-06-09,2026-07-09,hard,published,Recovered 2026-06-09 digest row; source re-check recommended
malaiwah/dsp408-esphome,codex_weekly,codex-weekly/data/repo_feature_history.json,published,2026-05-05,2026-05-05,2026-06-04,hard,published,feature_count=1; last_rank=3
ManasWolrd/VitalReverb,codex_weekly,codex-weekly/data/repo_feature_history.json,published,2026-06-09,2026-06-09,2026-07-09,hard,published,feature_count=1; last_rank=4
marcel-licence/ml_epiano_example,codex_weekly,codex-weekly/data/repo_feature_history.json,published,2024-03-17,2024-03-26,2024-04-25,hard,published,feature_count=2; last_rank=5
marcel-licence/ml_synth_pwm_osc_example,codex_weekly,codex-weekly/data/repo_feature_history.json,published,2024-03-19,2024-03-19,2024-04-18,hard,published,feature_count=1; last_rank=9
marcel-licence/ML_SynthTools,codex_weekly,codex-weekly/data/repo_feature_history.json,published,2024-03-17,2026-05-19,2026-06-18,hard,published,feature_count=5; last_rank=3
marcel-licence/ML_SynthTools,webgpt_daily,data/published-repo-log.csv,published,2026-06-01,2026-06-01,2026-07-01,hard,published,Cross-platform Arduino synth toolkit supporting ESP32 Teensy Daisy Pico RP2350 STM32 with MIDI arpeggiator effects organ oscillator MOD tracker and board defs
marcel-licence/ML_SynthTools,webgpt_daily,data/selected-projects.csv,selected_reference,,,,soft,selected,"status=selected; origin=digest_ranked; platforms=Daisy,Teensy,ESP32,Pico,STM32; tags=multiplatform,synth-library,midi,effects,oscillators; why_selected=Important as a multi-platform embedded synth/audio library; notes=Useful for comparing Daisy vs Teensy vs ESP32 vs Pico implementation patterns"
matoslav/MicroGroove,webgpt_daily,data/published-repo-log.csv,published,2026-07-16,2026-07-16,2026-08-15,hard,published,https://github.com/matoslav/MicroGroove current MIT Cardputer-ADV pocket groovebox with three synth tracks eight drum lanes sampling resampling song mode source binary manual and limited hardware modifiability
mattybrad/drumkid2,webgpt_daily,data/published-repo-log.csv,published,2026-06-26,2026-06-26,2026-07-26,hard,published,https://github.com/mattybrad/drumkid2 ; Raspberry Pi Pico Eurorack aleatoric drum machine with code and PCB files; 44.1k audio; CV inputs; trigger outputs; SD samples; dense performance UI
MeeBlip/meeblip-triode,webgpt_daily,data/published-repo-log.csv,published,2026-07-15,2026-07-15,2026-08-14,hard,published,https://github.com/MeeBlip/meeblip-triode legacy standalone MIDI monosynth with editable Eagle control and system boards PDF schematics CC-BY-SA hardware and GPL firmware
MidsoftEntertainment/MiniSynth-public+OCW-hardware,webgpt_daily,data/published-repo-log.csv,published,2026-07-18,2026-07-18,2026-08-17,hard,published,https://ocw.cs.pub.ro/courses/pm/prj2026/bianca.popa1106/mihai.brisculescu ; https://github.com/MidsoftEntertainment/MiniSynth-public ; current working Teensy 4.0 single-PCB portable synth/looper; 25 keys; triple-I2S UDA1334A plus MAX98357; OLED/SD/battery; modular DMA firmware; physical build and correction notes verified; editable PCB source and project licence not verified
MidsoftEntertainment/MiniSynth-public+OCW-hardware,webgpt_daily,data/selected-projects.csv,selected_reference,,,,soft,selected,"status=selected; origin=digest_ranked; platforms=Teensy 4.0; tags=standalone-synth,looper,custom-pcb,keys,i2s,bringup; why_selected=Current single-PCB instrument with unusually useful hardware correction and modular firmware evidence; notes=Recovered from selected-projects.append-2026-07-18.csv"
mkfarrow/Eurorack_DualVCA,codex_weekly,codex-weekly/data/repo_feature_history.json,published,2026-04-21,2026-05-26,2026-06-25,hard,published,feature_count=2; last_rank=10
mod-audio/hw-mod-dwarf,webgpt_daily,data/published-repo-log.csv,published,2026-07-10,2026-07-10,2026-08-09,hard,published,"https://github.com/mod-audio/hw-mod-dwarf ; product-grade MOD Dwarf hardware; hierarchical KiCad main board with CS4265 codec, audio I/O, headphone, MIDI, USB, power, control-chain and mechanics; 318-component BOM; controller-board Altium project; main PCB payload not parsed; top-level license not verified"
mod-audio/hw-mod-dwarf,webgpt_daily,data/selected-projects.csv,selected_reference,,,,soft,selected,"status=selected; origin=digest_ranked; platforms=Linux,SBC,custom; tags=multi-fx,pedal,product-hardware,codec,midi,usb,kicad,altium; why_selected=High-value commercial-product electronics architecture reference; notes=No top-level license; main PCB payload not parsed in this run"
modulove/MOD2,webgpt_daily,data/published-repo-log.csv,published,2026-06-10,2026-06-10,2026-07-10,hard,published,Recovered 2026-06-10 digest row; control extension hardware candidate; source re-check recommended
mohoyt/as3340_vco,webgpt_daily,data/published-repo-log.csv,published,2026-08-17,2026-08-17,2026-09-16,hard,published,CERN-OHL-P AS3340 VCO with editable KiCad iBOM Gerbers panel calibration notes and one working build; switch footprint and density issues remain
mohoyt/as3340_vco,webgpt_daily,data/selected-projects.csv,selected_reference,,,,soft,selected,"status=selected; origin=digest_ranked; platforms=AS3340,Eurorack; tags=analog-vco,as3340,kicad,gerbers,calibration,cern-ohl; why_selected=Fabrication-complete modern AS3340 VCO with open hardware license and build evidence; notes=CERN-OHL-P; resolve switch footprint and mechanical density before fabrication"
monome/norns-shield,webgpt_daily,data/published-repo-log.csv,published,2026-06-19,2026-07-08,2026-08-07,hard,published,https://github.com/monome/norns-shield ; Raspberry Pi norns-compatible DIY shield; CS4270/CS4271 codec; stereo line in/out; OLED; 3 encoders; 3 buttons; BOM/CAD/Eagle source; Eagle sch/brd verified; GPL-3.0; no direct support/kits caveat
monome/norns-shield,webgpt_daily,data/selected-projects.csv,selected_reference,,,,soft,selected,"status=selected; origin=digest_ranked; platforms=Raspberry Pi,norns; tags=audio-shield,codec,linux-instrument,eagle,ui; why_selected=Compact norns-compatible source-hardware shield reference; notes=No longer directly supported by monome; use as reference/repair/build study"
mzuelch/CATs-Eurosynth,webgpt_daily,data/published-repo-log.csv,published,2026-07-02,2026-07-02,2026-08-01,hard,published,"https://github.com/mzuelch/CATs-Eurosynth ; Large KiCad Eurorack analog synth module collection; working/WIP modules; custom libraries; front-panel data; production Gerbers; AVR GPL3, STM32 MIT, hardware CC BY-NC-SA 4.0; standalone-priority caveat"
nalexopo/BasicDaisy,codex_weekly,codex-weekly/data/repo_feature_history.json,published,2026-04-21,2026-04-21,2026-05-21,hard,published,feature_count=1; last_rank=8
newdigate/teensy-audio-display-components,webgpt_daily,data/selected-projects.csv,selected_reference,,,,soft,related_infrastructure,"status=related_infrastructure; origin=2026-06-10-portability; platforms=Teensy; tags=display,ui,audio-components; why_selected=Saved from Mini-Teensy-Synth portability context as UI/display support infrastructure; notes=Support/reference repo rather than ranked digest item"
newdigate/teensy-eurorack,webgpt_daily,data/published-repo-log.csv,published,2026-06-13,2026-07-07,2026-08-06,hard,published,"https://github.com/newdigate/teensy-eurorack ; Teensy 4.1 Eurorack audio/CV shield; CS42448 6in/8out audio; AD7606 + AD5754 8in/8out ±10V CV; MIDI; USB host/device; microSD; pots/encoders/display; KiCad/FreeCAD/Gerbers/BOM/interactive BOM; MIT; soft selected-reference prior, not hard-published"
newdigate/teensy-eurorack,webgpt_daily,data/selected-projects.csv,selected_reference,,,,soft,selected_extra,"status=selected_extra; origin=2026-06-13-control-extension; platforms=Teensy; tags=eurorack,hardware,control-surface,audio-io; why_selected=Recovered ranked/reference item for Teensy Eurorack control and audio I/O expansion; notes=Default branch reported as master by GitHub repository search"
newdigate/teensy-polyphony,webgpt_daily,data/published-repo-log.csv,published,2026-05-29,2026-05-29,2026-06-28,hard,published,Teensy Audio polyphonic sampler layer above variable playback with voice sample model abstractions and MIDI-triggered examples
newdigate/teensy-variable-playback,webgpt_daily,data/published-repo-log.csv,published,2026-05-25,2026-05-25,2026-06-24,hard,published,Teensy Audio extension for variable-rate sample playback with interpolation and sampler looper foundation value
NickCulbertson/Mini-Teensy-Synth,webgpt_daily,data/selected-projects.csv,selected_reference,,,,soft,selected_extra,"status=selected_extra; origin=2026-06-10-portability; platforms=Teensy; tags=synth,teensy-audio,porting-reference,ui; why_selected=Saved from Mini-Teensy-Synth Daisy portability work; useful compact VA synth architecture reference; notes=Multiple forks exist; this first GitHub search result should be rechecked against original project context"
norns-shield,webgpt_daily,data/selected-projects.csv,selected_reference,,,,soft,selected,"status=selected; origin=digest_ranked; platforms=Raspberry Pi; tags=audio-shield,minimal-ui,codec,mechanical-bom; why_selected=Minimal instrument UI and complete Pi audio shield mechanics; notes=Unsupported by monome now"
northcoastsynthesis.com/msk-015-quad-vca,webgpt_daily,data/published-repo-log.csv,published,2026-08-10,2026-08-10,2026-09-09,hard,published,Production-proven AS3360 quad VCA with public schematic and PCB source; exact individual-archive license still requires verification
northcoastsynthesis.com/msk-015-quad-vca,webgpt_daily,data/selected-projects.csv,selected_reference,,,,soft,selected,"status=selected; origin=digest_ranked; platforms=AS3360,Eurorack; tags=quad-vca,panner,crossfader,ring-mod,mid-side,pcb-source; why_selected=Production-proven multifunction AS3360 VCA topology with unusually broad routing use; notes=Public schematic and PCB source found; exact individual-archive license remains unresolved"
northernpaws/pocketsequencer,webgpt_daily,data/published-repo-log.csv,published,2026-07-05,2026-07-05,2026-08-04,hard,published,https://github.com/northernpaws/pocketsequencer ; phone-sized STM32H743 sequencer/synth/sampler; NAU88C22 codec; TFT; SDRAM; microSD; NOR flash; USB-C; TRS MIDI; 16 Kailh Choc RGB keys; IMU; KiCad 9 project/schematic; v0.1 errata valuable; PCB source/license not fully verified
northernpaws/pocketsequencer,webgpt_daily,data/selected-projects.csv,selected_reference,,,,soft,selected,"status=selected; origin=digest_ranked; platforms=STM32H7; tags=pocket-groovebox,sampler,sequencer,codec,sdram,kicad; why_selected=Strong pocket sequencer/synth/sampler hardware reference with valuable errata; notes=Revision 2 planned; v0.1 has important known hardware issues"
nutcas3/airten,codex_weekly,codex-weekly/data/repo_feature_history.json,published,2026-06-17,2026-06-17,2026-07-17,hard,published,feature_count=1; last_rank=8
O_C-Phazerville,webgpt_daily,data/published-repo-log.csv,published,2026-05-20,2026-05-20,2026-06-19,hard,published,Teensy O_C firmware
ohdsp/DSP-ADAU1452,webgpt_daily,data/published-repo-log.csv,published,2026-07-04,2026-07-04,2026-08-03,hard,published,https://github.com/ohdsp/DSP-ADAU1452 ; ADAU1450/1451/1452 DSP core board; I2S/TDM input-output connectors; SPDIF on ADAU1451/1452; USBi/freeUSBi programming; selfboot EEPROM; KiCad/BOM/Gerbers/PDF drawings; TAPR OHL; no standalone UI
ohdsp/DSP-ADAU1452,webgpt_daily,data/selected-projects.csv,selected_reference,,,,soft,selected,"status=selected; origin=digest_ranked; platforms=ADAU145x/SigmaDSP; tags=dsp,adau1452,kicad,i2s,spdif,open-hardware; why_selected=Reusable ADAU145x DSP core board with clean docs and KiCad/Gerber/BOM package; notes=Recovered from selected-projects.append-2026-07-04.csv; date=2026-07-04"
ohmic-net/puca_dsp,codex_weekly,codex-weekly/data/repo_feature_history.json,published,2024-03-26,2026-05-19,2026-06-18,hard,published,feature_count=3; last_rank=7
Ohminecraft/esp32-dsp-core,codex_weekly,codex-weekly/data/repo_feature_history.json,published,2026-04-28,2026-06-17,2026-07-17,hard,published,feature_count=2; last_rank=9
ohmtech-rdi/eurorack-blocks,webgpt_daily,data/published-repo-log.csv,published,2026-06-01,2026-06-01,2026-07-01,hard,published,Daisy Patch Submodule Eurorack framework generating firmware VCV simulator Gerbers BOM and panel files from Cpp Faust Max UI config
ohmtech-rdi/eurorack-blocks,webgpt_daily,data/selected-projects.csv,selected_reference,,,,soft,selected,"status=selected; origin=digest_ranked; platforms=Daisy; tags=eurorack,daisy-patch-submodule,hardware-generation,simulator,faust,max; why_selected=Daisy Eurorack workflow and hardware/software framework; notes=Use main branch links, not master"
Omraj09/ESP32-Based-DSP-Audio-Equalizer-and-Controller,codex_weekly,codex-weekly/data/repo_feature_history.json,published,2026-06-09,2026-06-09,2026-07-09,hard,published,feature_count=1; last_rank=6
OpenAudio_ArduinoLibrary,webgpt_daily,data/published-repo-log.csv,published,2026-05-20,2026-05-20,2026-06-19,hard,published,Floating-point Teensy DSP
Orastron/brickworks,codex_weekly,codex-weekly/data/repo_feature_history.json,published,2026-05-19,2026-05-19,2026-06-18,hard,published,feature_count=1; last_rank=5
Orastron/brickworks,webgpt_daily,data/published-repo-log.csv,published,2026-05-24,2026-05-24,2026-06-23,hard,published,Cross-platform DSP toolkit with Daisy Seed examples useful as portable architecture and algorithm source
OTTO Hardware,webgpt_daily,data/selected-projects.csv,selected_reference,,,,soft,selected,"status=selected; origin=digest_ranked; platforms=Raspberry Pi + STM32; tags=groovebox,controls-rich,codec,display,key-matrix; why_selected=Controls-rich standalone hardware architecture with DAC/main/power boards; notes=WIP; use as architecture reference"
palmerr23/Teensy8x8AudioBoard,codex_weekly,codex-weekly/data/repo_feature_history.json,published,2024-03-19,2026-06-09,2026-07-09,hard,published,feature_count=3; last_rank=3
Papproni/stm_audio_board_v3_dsp_board,webgpt_daily,data/published-repo-log.csv,published,2026-07-04,2026-07-04,2026-08-03,hard,published,https://github.com/Papproni/stm_audio_board_v3_dsp_board ; STM32H723 digital effects pedal DSP board; hierarchical KiCad schematics; audio loops; pots; display and footswitch connectors; BOM with LCSC parts; MIT; PCB source empty/not verified and firmware absent
Papproni/stm_audio_board_v3_dsp_board,webgpt_daily,data/selected-projects.csv,selected_reference,,,,soft,selected,"status=selected; origin=digest_ranked; platforms=STM32H7/KiCad; tags=dsp-pedal,stm32h723,kicad,audio-io,pots,display; why_selected=Dense STM32H7 effects-pedal hardware reference despite missing docs/firmware; notes=Recovered from selected-projects.append-2026-07-04.csv; date=2026-07-04"
PaulStoffregen/Audio,codex_weekly,codex-weekly/data/repo_feature_history.json,published,2026-04-16,2026-05-19,2026-06-18,hard,published,feature_count=2; last_rank=1
PaulStoffregen/ST7735_t3,webgpt_daily,data/selected-projects.csv,selected_reference,,,,soft,related_infrastructure,"status=related_infrastructure; origin=related_link; platforms=Teensy; tags=display,tft,ui; why_selected=Useful display/UI support library for embedded instruments; notes=Foundation/support library"
pedalboard/pedalboard-hw+ecosystem,webgpt_daily,data/published-repo-log.csv,published,2026-07-07,2026-07-07,2026-08-06,hard,published,https://github.com/pedalboard/pedalboard-hw ; CM4/CM5 + RP2040 open pedalboard audio/MIDI mainboard ecosystem; modular MIDI-only or MIDI+audio; OSHWA CH000023; CERN-OHL-P-2.0; KiCad schematic/project files; interactive schematic/PCB/iBOM/release/Digi-Key/PCBWay docs; case/display/soundcard/software ecosystem; software stack not deeply audited
pedalboard/pedalboard-hw+ecosystem,webgpt_daily,data/selected-projects.csv,selected_reference,,,,soft,selected,"status=selected; origin=digest_ranked_2026-07-07; platforms=CM4,CM5,RP2040,Linux,audio,MIDI; tags=pedalboard,source-hardware,cm4,cm5,rp2040,midi,audio-platform,oshwa,kicad; why_selected=Strong product-platform reference for Linux audio host plus MCU control hardware; notes=Pair with pedalboard-case, pedalboard-display, pedalboard-soundcard, pedalboard-midi, pedalboard-bridge"
pedalboard/pedalboard-hw:ecosystem,webgpt_daily,data/published-repo-log.csv,published,2026-07-14,2026-07-14,2026-08-13,hard,published,https://github.com/pedalboard/pedalboard-hw ; CM4/CM5 plus RP2040 modular pedalboard ecosystem; editable KiCad mainboard PCM1863/PCM5242 soundcard display PCB OpenSCAD case and Rust RTIC MIDI firmware; CERN-OHL-P; OSHWA CH000023; KiBot/ERC/DRC/manufacturing automation; mainboard 4.0.1-RC tested with CM5; input protection and independent latency/audio measurements remain open
pedalboard/pedalboard-hw:ecosystem,webgpt_daily,data/selected-projects.csv,selected_reference,,,,soft,selected,"status=selected; origin=digest_ranked; platforms=CM4/CM5,RP2040,PCM1863,PCM5242; tags=pedal,multi-board,linux-audio,midi,control-surface,kicad,openscad,oshwa; why_selected=Best new product-level open pedalboard ecosystem with editable audio control and mechanical source; notes=CERN-OHL-P mainboard; 4.0.1-RC CM5 test; input protection and audio measurement still open"
pichenettes/ambika,webgpt_daily,data/published-repo-log.csv,published,2026-07-20,2026-07-20,2026-08-19,hard,published,CC-BY-SA six-voice hybrid polysynth with interchangeable LM13700 and SSM2164 voice cards firmware BOM assembly calibration and mature build evidence
pichenettes/ambika,webgpt_daily,data/selected-projects.csv,selected_reference,,,,soft,selected,"status=selected; origin=digest_ranked; platforms=AVR,LM13700,SSM2164; tags=hybrid-polysynth,voice-card,vcf,vca,presets,calibration; why_selected=Mature six-voice hybrid architecture with interchangeable analog voice cards and deep production documentation; notes=Hardware CC BY-SA 3.0; firmware GPL-3.0; validate modern V2164/SSI2164/AS2164 substitutions"
pierreportal/rust-dsp,codex_weekly,codex-weekly/data/repo_feature_history.json,published,2026-05-29,2026-05-29,2026-06-28,hard,published,feature_count=1; last_rank=9
Plinky,webgpt_daily,data/selected-projects.csv,selected_reference,,,,soft,selected,"status=selected; origin=digest_ranked; platforms=embedded-touch-synth; tags=touch-ui,standalone,open-hardware,performance-surface; why_selected=Compact touch-synth hardware with strong visual/control-surface value; notes=License wording needs final read"
plinkysynth/plinky_public,webgpt_daily,data/published-repo-log.csv,published,2026-06-19,2026-07-14,2026-08-13,hard,published,https://github.com/plinkysynth/plinky_public ; STM32L476 eight-voice touch synth; current V3.1 editable KiCad mainboard and panel source; BOM; manufacturing test jig; production-tested V2 archive; bootloader emulator and active B2 firmware; CERN-OHL-P hardware and MIT software; repository revision/BOM cleanup required
plinkysynth/plinky_public,webgpt_daily,data/selected-projects.csv,selected_reference,,,,soft,selected,"status=selected; origin=digest_ranked; platforms=STM32L476; tags=touch-synth,standalone,eurorack,kicad,test-jig,bootloader,emulator; why_selected=Rare expressive instrument combining current editable hardware production tooling and active community firmware; notes=Use V3.1 current hardware rather than archived V2; CERN-OHL-P hardware and MIT software"
PoliTeK/PSP-PlantSignalProcessing,codex_weekly,codex-weekly/data/repo_feature_history.json,published,2026-04-21,2026-05-26,2026-06-25,hard,published,feature_count=2; last_rank=4
polpo/picogus,webgpt_daily,data/published-repo-log.csv,published,2026-07-03,2026-07-03,2026-08-02,hard,published,https://github.com/polpo/picogus ; RP2040/Pico ISA sound-card/CD-ROM emulation; GUS/SB16/AdLib/MPU-401/Tandy/CMS; 3.5mm TRS MIDI out; KiCad schematic under hw parsed; PCB path exists but connector parse returned empty in this run; hardware CERN-OHL-P v2; software GPLv2/BSD/MIT; beta/retro-PC scope caveat
polpo/picogus,webgpt_daily,data/selected-projects.csv,selected_reference,,,,soft,selected,"status=selected; origin=2026-07-03-digest; platforms=RP2040,Raspberry Pi Pico,ISA; tags=retro-audio,emulation,midi,sound-card,kicad; why_selected=Strong RP2040 audio/MIDI emulation hardware reference with source hardware licensing; notes=Retro PC expansion-card scope; not a synth but architecture is useful"
polykit/pico-dco,webgpt_daily,data/published-repo-log.csv,published,2026-05-26,2026-05-26,2026-06-25,hard,published,Raspberry Pi Pico digitally controlled analog oscillator; PIO timing; schematics PCB and MIDI control
polykit/polykit-x-monosynth,webgpt_daily,data/published-repo-log.csv,published,2026-06-29,2026-06-29,2026-07-29,hard,published,"https://github.com/polykit/polykit-x-monosynth ; Analog semi-modular monosynth hardware plus polykit-x-voice-card; schematics/KiCad/front-panel/Gerbers/BOM evidence; AS3340 VCO, AS3310 ADSR, AS3372E pole-mixing VCF/VCA/panner, CV/gate/1V-oct interface, 3D case; license not verified"
positionhigh/MicroDexed-touch,webgpt_daily,data/published-repo-log.csv,published,2026-06-27,2026-06-27,2026-07-27,hard,published,"https://codeberg.org/positionhigh/MicroDexed-touch ; Teensy 4.1 touch-display MicroDexed evolution with PCM5102A audio, PSRAM sample support, FM/VA/Braids-derived poly engines, sequencer/live sequencer, mixer, effects, PlatformIO build profiles; mirror inspected at https://github.com/rhinocerose/synth-MicroDexedTouch"
postcode-x/Daisy_SPC,webgpt_daily,data/published-repo-log.csv,published,2026-05-23,2026-05-23,2026-06-22,hard,published,Daisy Seed SNES SPC player using QSPI mode and embedded song asset pipeline
rafaelmartins/db-synth,webgpt_daily,data/published-repo-log.csv,published,2026-06-29,2026-06-29,2026-07-29,hard,published,"https://github.com/rafaelmartins/db-synth ; AVR DB MIDI monosynth with editable KiCad PCB source, CERN-OHL-S hardware, BSD firmware, OpenSCAD enclosure, 48k bare-metal oscillator/ADSR/amplifier/filter DSP, internal 10-bit DAC plus opamp reconstruction filter, OLED, MIDI thru, UPDI flashing and rolling HEX builds"
raspy135/Qun-synthesizer,webgpt_daily,data/published-repo-log.csv,published,2026-05-29,2026-05-29,2026-06-28,hard,published,ESP32-LyraT analog-modeling synth with granular sampler sequencer looper MIDI routing notes and catch-mode UI
raybellis/PicoSynth,webgpt_daily,data/published-repo-log.csv,published,2026-06-02,2026-06-02,2026-07-02,hard,published,RP2040 wavetable synth WIP with 128 voices 16-part multitimbral 44.1kHz I2S interpolator DCOs USB serial MIDI and PicoADK support
reales/retromulator,codex_weekly,codex-weekly/data/repo_feature_history.json,published,2026-05-12,2026-05-12,2026-06-11,hard,published,feature_count=1; last_rank=5
RealTimeAudioLab/RTAL-EAI-001-WELLENFORMER,webgpt_daily,data/published-repo-log.csv,published,2026-07-13,2026-07-13,2026-08-12,hard,published,https://github.com/RealTimeAudioLab/RTAL-EAI-001-WELLENFORMER ; six-voice touchscreen wavetable synth design study; dual oscillators; SD; MIDI; integrated wavetable editor; chorus delay reverb; hardware firmware and documentation directories claimed; editable CAD BOM licence and reproducible build path not verified
RealTimeAudioLab/RTAL-EAI-001-WELLENFORMER,webgpt_daily,data/selected-projects.csv,selected_reference,,,,soft,watch,"status=watch; origin=digest_ranked; platforms=Not verified; tags=wavetable,touchscreen,synth,midi,product-architecture; why_selected=Monitor for release of editable CAD/BOM/build evidence; notes=Recovered from selected-projects.append-2026-07-13.csv"
RebelTechnology/OpenWare+OwlProgram,webgpt_daily,data/published-repo-log.csv,published,2026-06-02,2026-06-02,2026-07-02,hard,published,OWL embedded audio firmware and patch build workflow for Pure Data FAUST Max Gen SOUL Maximilian and Cpp with sysex load store web native targets
recursinging/kxmx_bluemchen,webgpt_daily,data/published-repo-log.csv,published,2026-06-07,2026-06-07,2026-07-07,hard,published,Open 4HP Daisy Seed Eurorack DSP platform with OLED encoder pots MicroSD TRS MIDI CV audio IO hardware artifacts and oopsy Gen target support
reese-wilson/DaisyBios,webgpt_daily,data/published-repo-log.csv,published,2026-05-22,2026-05-22,2026-06-21,hard,published,Daisy bootloader BIOS for loading programs from SD card and exploring multi-firmware workflows
relic-se/PicoSynth_Sandbox-hardware,webgpt_daily,data/published-repo-log.csv,published,2026-06-30,2026-06-30,2026-07-30,hard,published,https://github.com/relic-se/PicoSynth_Sandbox-hardware ; Raspberry Pi Pico standalone synth/sampler/drum-machine hardware platform; PCM5102 I2S DAC; PCM1860 ADC; MEMS mics; MIDI TRS; TTP229 16-key touch keybed; LCD; encoders; microSD; LiPo; KiCad schematic and repo-listed PCB/project files; CircuitPython synthio docs/tests; GPLv3
rheslip/2HPico-Eurorack-Module-Hardware,webgpt_daily,data/published-repo-log.csv,published,2026-05-29,2026-05-29,2026-06-28,hard,published,RP2350 Eurorack DSP hardware with codec front end and 2026 sketches for delay reverb chorus flanger pitchshift granular ladderfilter sampler looper
rheslip/DaisySP_Teensy,codex_weekly,codex-weekly/data/repo_feature_history.json,published,2024-03-17,2026-04-09,2026-05-09,hard,published,feature_count=2; last_rank=6
risgk/digital-synth-pra32-u2,webgpt_daily,data/published-repo-log.csv,published,2026-05-26,2026-05-26,2026-06-25,hard,published,Pico 2/RP2350 4-voice MIDI sound module; prebuilt UF2; I2S; flash presets; Web MIDI editor
rjhelms/lp-01_ota_low_pass_filter,webgpt_daily,data/published-repo-log.csv,published,2026-08-10,2026-08-10,2026-09-09,hard,published,CC-BY-SA LM13700 MS-20-style VCF with editable schematic PCB panel and iBOM; no completed build calibration or measurements located
rolfdegen/Jeannie-Open-source-Synthesizer,webgpt_daily,data/published-repo-log.csv,published,2026-05-24,2026-05-24,2026-06-23,hard,published,Teensy-based 8-voice VA wavetable synth with sequencer SD patch storage TFT UI and substantial build completeness
RVX/LTC2DMX_Teensy_41_Audioshield,codex_weekly,codex-weekly/data/repo_feature_history.json,published,2026-05-05,2026-05-05,2026-06-04,hard,published,feature_count=1; last_rank=4
sauloverissimo/midi2cpp,webgpt_daily,data/selected-projects.csv,selected_reference,,,,soft,related_infrastructure,"status=related_infrastructure; origin=related_link; platforms=Daisy,Teensy,ESP32,Pico,other; tags=midi,codegen,asset-tooling; why_selected=Potential MIDI-to-C++ tooling utility; notes=Verify before relying on details"
SeanBonaventure01/stm32-audio-eq,codex_weekly,codex-weekly/data/repo_feature_history.json,published,2026-05-05,2026-05-05,2026-06-04,hard,published,feature_count=1; last_rank=8
senorblasto/PicoADK-Eurorack,webgpt_daily,data/published-repo-log.csv,published,2026-06-09,2026-06-09,2026-07-09,hard,published,Recovered 2026-06-09 digest row; source re-check recommended
shakfu/cyfaust,codex_weekly,codex-weekly/data/repo_feature_history.json,published,2026-06-09,2026-06-09,2026-07-09,hard,published,feature_count=1; last_rank=7
shanteacontrols/OpenDeck,webgpt_daily,data/published-repo-log.csv,published,2026-06-28,2026-06-28,2026-07-28,hard,published,"https://github.com/shanteacontrols/OpenDeck ; Configurable MIDI/OSC controller platform with browser configurator, RP2040 OpenDeck L hardware/source production files, 128 digital in, 64 digital out, 64 analog in, DIN/USB MIDI, display connectors, Apache/Zephyr firmware"
shanteacontrols/OpenDeck,webgpt_daily,data/selected-projects.csv,selected_reference,,,,soft,selected,"status=selected; origin=2026-06-13-control-extension; platforms=MIDI,OSC,RP2040; tags=configurator,control-surface,custom-board,midi; why_selected=Closest exact match for configurable MIDI/OSC custom controller boards; notes=User explicitly marked OpenDeck as exact-match direction"
shawlty/Daisy-Eurorack-Audio-Module,codex_weekly,codex-weekly/data/repo_feature_history.json,published,2026-06-09,2026-06-09,2026-07-09,hard,published,feature_count=1; last_rank=8
shawlty/Daisy-Eurorack-Audio-Module,webgpt_daily,data/selected-projects.csv,selected_reference,,,,soft,watch,"status=watch; origin=watchlist; platforms=Daisy; tags=eurorack,daisy,audio-module; why_selected=Keep an eye on; possible Daisy Eurorack project; notes=Do not promote until public availability and source depth are verified"
shev0k/EQVita,codex_weekly,codex-weekly/data/repo_feature_history.json,published,2026-06-17,2026-06-17,2026-07-17,hard,published,feature_count=1; last_rank=4
shmoergh/hog,webgpt_daily,data/published-repo-log.csv,published,2026-07-11,2026-07-11,2026-08-10,hard,published,"https://github.com/shmoergh/hog ; rev3 standalone fully analog two-voice monophonic synth; five KiCad boards; stable/experimental core; RP2040 MIDI2CV with MCP4822 and 6N138; Steiner-Parker VCF; Mouser BOMs, Gerbers and JLC assembly files; hardware CC BY-NC 4.0/private-use caveat; software MIT"
shmoergh/hog,webgpt_daily,data/selected-projects.csv,selected_reference,,,,soft,selected,"status=selected; origin=digest_ranked; platforms=RP2040,analog; tags=standalone-synth,multi-board,midi-cv,analog,kicad,bom,manufacturing; why_selected=Strong five-board analog instrument and manufacturing-reference package; notes=CC BY-NC/private-use restriction makes it a reference rather than commercial fork base"
shmoergh/moduleur,webgpt_daily,data/published-repo-log.csv,published,2026-07-20,2026-07-20,2026-08-19,hard,published,CC-BY-NC complete analog modular instrument with editable hardware firmware calibration and real completed builds
shmoergh/moduleur,webgpt_daily,data/selected-projects.csv,selected_reference,,,,soft,selected,"status=selected; origin=digest_ranked; platforms=Analog,Pico,Pico 2; tags=analog-modular,vco,vcf,compressor,default-patch,kicad,calibration; why_selected=Complete modular instrument with reusable Core UI split and breakable default-patch backplane; notes=Hardware CC BY-NC 4.0; noncommercial/restricted"
shorepine/amy,codex_weekly,codex-weekly/data/repo_feature_history.json,published,2024-03-17,2024-03-17,2024-04-16,hard,published,feature_count=1; last_rank=3
shorepine/tulipcc+AMYboard,webgpt_daily,data/published-repo-log.csv,published,2026-07-08,2026-07-08,2026-08-07,hard,published,https://github.com/shorepine/tulipcc ; ESP32-S3 MicroPython portable music computer plus AMYboard synth/audio/CV/SPDIF extension; AMY synth engine; MIDI USB/TRS; stereo line I/O; S/PDIF; +/-10V CV I/O; microSD; web editor; Tulip v4r9 KiCad project/schematic/BOM/build docs; root MIT license; AMYboard PCB source not separately parsed
shorepine/tulipcc+AMYboard,webgpt_daily,data/selected-projects.csv,selected_reference,,,,soft,selected,"status=selected; origin=digest_ranked; platforms=ESP32-S3,MicroPython; tags=portable-synth,music-computer,web-editor,midi,cv,spdif,kicad; why_selected=Strong standalone programmable music-computer and AMYboard synth/audio-CV platform; notes=Tulip CC KiCad source verified; AMYboard hardware docs verified; AMYboard PCB source still needs parsing"
SloBloLabs/LivSynth,webgpt_daily,data/published-repo-log.csv,published,2026-07-11,2026-07-11,2026-08-10,hard,published,https://github.com/SloBloLabs/LivSynth ; standalone STM32F405 hybrid analog synth; composite USB CDC+MIDI; onboard sequencer/MIDI handling; KiCad mainboard/faceplate source; iBOM; CMake/OpenOCD/DFU build; assembly/test/calibration guide; MIT root license but hardware scope not explicit; PCB internals not parsed
SloBloLabs/LivSynth,webgpt_daily,data/selected-projects.csv,selected_reference,,,,soft,selected,"status=selected; origin=digest_ranked; platforms=STM32F405,analog; tags=standalone-synth,hybrid,sequencer,usb-midi,kicad,calibration; why_selected=Complete standalone hybrid instrument with detailed build and calibration path; notes=Older platform; PCB payload not internally parsed; hardware licence scope not explicit"
SloeComputers/picoX7,webgpt_daily,data/published-repo-log.csv,published,2026-05-26,2026-05-26,2026-06-25,hard,published,RP2040/RP2350 DX7-style FM synth; dual-core voices; PIO I2S; USB/UART MIDI and SYSEX
sophiapoirier/destroyfx,codex_weekly,codex-weekly/data/repo_feature_history.json,published,2026-05-19,2026-05-19,2026-06-18,hard,published,feature_count=1; last_rank=4
Soundpauli/toern,webgpt_daily,data/published-repo-log.csv,published,2026-07-17,2026-07-17,2026-08-16,hard,published,https://github.com/Soundpauli/toern standalone Teensy 4.1 SGTL5000 sampler sequencer looper synth with editable KiCad revision G Gerbers controls MIDI audio battery hardware CC-BY-NC and active MIT firmware
Soundpauli/toern,webgpt_daily,data/selected-projects.csv,selected_reference,,,,soft,selected,"status=selected; origin=digest_ranked; platforms=Teensy 4.1,SGTL5000; tags=groovebox,sampler,sequencer,looper,kicad,control-surface,battery,midi; why_selected=Current product-shaped open-source instrument with editable electronics mechanics rich controls live audio firmware and real small-batch builds; notes=Software MIT; hardware CC BY-NC 4.0; revision G manufacturing audit recommended"
sourcebox/mi-plaits-dsp-rs,codex_weekly,codex-weekly/data/repo_feature_history.json,published,2024-03-17,2026-06-17,2026-07-17,hard,published,feature_count=4; last_rank=3
spandit69/nest-audio-pcb,codex_weekly,codex-weekly/data/repo_feature_history.json,published,2026-04-18,2026-08-18,2026-09-17,hard,published,feature_count=3; last_rank=5
squeedee/daisy-studio,codex_weekly,codex-weekly/data/repo_feature_history.json,published,2026-04-28,2026-05-29,2026-06-28,hard,published,feature_count=2; last_rank=2
squeedee/daisy-studio,webgpt_daily,data/published-repo-log.csv,published,2026-07-05,2026-07-05,2026-08-04,hard,published,"https://github.com/squeedee/daisy-studio ; Daisy Seed balanced pro-audio carrier; THAT1246/THAT1646; OPA1656; BJT ADC clamp; MIDI DIN in/out/thru; microSD; ±12V analog rails; passive daughterboard; KiCad 8 hierarchy; LTspice and staged validation; prior Codex 2026-05-29, repeat window elapsed; license not verified"
squeedee/daisy-studio,webgpt_daily,data/selected-projects.csv,selected_reference,,,,soft,selected,"status=selected; origin=digest_ranked; platforms=Daisy; tags=balanced-audio,pro-audio,midi,validation,analog-front-end; why_selected=Best Daisy-class balanced audio I/O carrier/reference found in this pass; notes=Prior Codex appearance; daily publication justified by elapsed repeat window and hardware-first framing"
src3453/3HSPlug,codex_weekly,codex-weekly/data/repo_feature_history.json,published,2026-05-29,2026-05-29,2026-06-28,hard,published,feature_count=1; last_rank=4
stone-voices/vasvas,webgpt_daily,data/published-repo-log.csv,published,2026-05-26,2026-05-26,2026-06-25,hard,published,Daisy noisebox with dual piezo stereo input Dattorro-style reverb shimmer freeze plus schematic PCB and source
t-dsp/t-dsp_desktop_pro,webgpt_daily,data/selected-projects.csv,selected_reference,,,,soft,selected,"status=selected; origin=2026-07-03-digest; platforms=Teensy,ESP32,TAC5212; tags=desktop-audio,modular-backplane,codec,tdm,usb-audio,midi; why_selected=Top-tier multi-repo hardware ecosystem for custom desktop audio products; notes=Pair with t-dsp_core and t-dsp_tac5212_pro_audio_module"
t-dsp/t-dsp_desktop_pro+ecosystem,webgpt_daily,data/published-repo-log.csv,published,2026-07-03,2026-07-03,2026-08-02,hard,published,https://github.com/t-dsp/t-dsp_desktop_pro ; plus https://github.com/t-dsp/t-dsp_core and https://github.com/t-dsp/t-dsp_tac5212_pro_audio_module ; Teensy 4.1/ESP32 modular desktop audio platform; TAC5212 stereo ADC/DAC module; USB Audio; MIDI TRS opto; S/PDIF; TDM expansion; UI headers; README-verified KiCad/project/manufacturing/iBOM flow; source schematic/PCB paths advertised but connector parse returned empty in this run; current revision partially unbuilt; CC BY-NC-SA 4.0
t-dsp/t-dsp_software,codex_weekly,codex-weekly/data/repo_feature_history.json,published,2026-04-18,2026-06-09,2026-07-09,hard,published,feature_count=2; last_rank=5
t-dsp:t-dsp_core+t-dsp_tac5212_pro_audio_module,webgpt_daily,data/published-repo-log.csv,published,2026-07-14,2026-07-14,2026-08-13,hard,published,https://www.t-dsp.com/ ; modular Teensy 4.1 ESP32 TDM audio platform with editable four-layer core backplane and TAC5212 codec module; KiCad BOM 3D iBOM and CI manufacturing outputs; differential I/O and expansion ABI; CC BY-NC-SA; current codec revision explicitly unbuilt and lacks independent measurements
t-dsp:t-dsp_core+t-dsp_tac5212_pro_audio_module,webgpt_daily,data/selected-projects.csv,selected_reference,,,,soft,watch,"status=watch; origin=digest_ranked; platforms=Teensy 4.1,ESP32,TAC5212; tags=codec-module,tdm,backplane,audio-interface,kicad; why_selected=High-potential modular codec/backplane architecture pending build and measurement proof; notes=CC BY-NC-SA; current TAC5212 board explicitly unbuilt"
tebl/BulkyMIDI-32,webgpt_daily,data/published-repo-log.csv,published,2026-06-30,2026-06-30,2026-07-30,hard,published,https://github.com/tebl/BulkyMIDI-32 ; Modular mt32-pi/MiniDexed/WaveBlaster-style desktop MIDI-module hardware ecosystem; Raspberry Pi; I2S DAC; OLED/buttons/encoder/front panels; audio/MIDI switch/play/exmodule boards; BOM/build docs; CC BY-SA 4.0
thenfour/Clarinoid,webgpt_daily,data/published-repo-log.csv,published,2026-07-03,2026-07-03,2026-08-02,hard,published,https://github.com/thenfour/Clarinoid ; Teensy 4.1/BOMMANOID/Clarinoid hardware+firmware ecosystem; multiple KiCad CAD iterations; OLED/MIDI/USB host/audio/encoder/WS2812 support; PlatformIO build path; RC1 CAD notes; no top README/license verified
thenfour/Clarinoid,webgpt_daily,data/selected-projects.csv,selected_reference,,,,soft,watch,"status=watch; origin=2026-07-03-digest; platforms=Teensy 4.1; tags=standalone-synth,kicad,control-surface,usb-host-midi; why_selected=Unusual standalone synth/control hardware with many KiCad iterations; verify license/build docs later; notes=No root README or license verified in this run"
thi-ng/synstack,codex_weekly,codex-weekly/data/repo_feature_history.json,published,2024-03-19,2026-04-18,2026-05-18,hard,published,feature_count=2; last_rank=1
tilmanlarndt/DaisyPlayground,webgpt_daily,data/published-repo-log.csv,published,2026-05-22,2026-05-22,2026-06-21,hard,published,Daisy algorithm and porting playground with stmlib ports CloudSeed oscillator effect experiments and extraction value
tomarus/midi2cv,webgpt_daily,data/published-repo-log.csv,published,2026-06-16,2026-06-16,2026-07-16,hard,published,Recovered 2026-06-16 Audio Mining for MIDI row; MIDI to CV controller utility candidate; source re-check recommended
tommyyork/resynthesis,webgpt_daily,data/published-repo-log.csv,published,2026-06-06,2026-06-06,2026-07-06,hard,published,Daisy Patch Init spectral granular resynthesis module with FFT grains V Oct pitch lock CV controls offline tests panel generation and implementation caveat
tonystuart/music-device-lab,webgpt_daily,data/published-repo-log.csv,published,2026-06-26,2026-06-26,2026-07-26,hard,published,"https://github.com/tonystuart/music-device-lab ; ESP32 standalone music instrument lab with SoundFont-style wavetable synth, touch UI, multiple PCB prototypes, VS1053/CS4344/ESP32-A1S audio-board lessons"
tsandmann/freertos-teensy,webgpt_daily,data/selected-projects.csv,selected_reference,,,,soft,related_infrastructure,"status=related_infrastructure; origin=related_link; platforms=Teensy; tags=freertos,rtos,scheduling; why_selected=FreeRTOS for Teensy; relevant for structured audio/control firmware; notes=Support tool"
TuriSc/Dodepan,webgpt_daily,data/published-repo-log.csv,published,2026-07-18,2026-07-18,2026-08-17,hard,published,https://github.com/TuriSc/Dodepan ; RP2350 portable twelve-pad capacitive synth/MIDI instrument; MPR121 plus MPU6050 gesture mapping; I2S audio; OLED/encoder; looper; scales/presets; schematic/BOM/Gerbers/assembly/OpenSCAD/UF2; editable PCB source and hardware-licence scope not verified
TuriSc/Dodepan,webgpt_daily,data/selected-projects.csv,selected_reference,,,,soft,selected,"status=selected; origin=digest_ranked; platforms=RP2350; tags=expressive-interface,capacitive,imu,looper,portable; why_selected=Strong unusual physical-control concept with real build and firmware evidence; notes=Recovered from selected-projects.append-2026-07-18.csv"
Tympan/Tympan_Rev_E_Hardware,webgpt_daily,data/published-repo-log.csv,published,2026-06-29,2026-06-29,2026-07-29,hard,published,"https://github.com/Tympan/Tympan_Rev_E_Hardware ; Teensy 4.1-based standalone audio I/O hardware with integrated custom design, electronics/case files, schematic PDF, MIT license and Tympan_Library examples for programmable audio pass-through/gain and USB Serial+MIDI+Audio workflows"
TynanGuenther/teensy_audio_guestbook,codex_weekly,codex-weekly/data/repo_feature_history.json,published,2026-05-05,2026-05-05,2026-06-04,hard,published,feature_count=1; last_rank=9
vonkonow/LeetAI,webgpt_daily,data/published-repo-log.csv,published,2026-06-19,2026-06-19,2026-07-19,hard,published_candidate,Portable ESP32-S2 synth ensemble; enclosure/hardware/firmware/assets; MIT; concept prototype
westlicht/performer+performer-hardware,webgpt_daily,data/published-repo-log.csv,published,2026-06-15,2026-06-15,2026-07-15,hard,published,Recovered 2026-06-15 MIDI controller digest row; open sequencer controller firmware plus hardware reference for dense front-panel MIDI CV workflows
wgd-modular/loewenzahnhonig-firmware,webgpt_daily,data/published-repo-log.csv,published,2026-06-03,2026-06-03,2026-07-03,hard,published,Daisy-based Eurorack firmware collection with precompiled bins libDaisy DaisySP submodules VCA compressor delay reverb and MI Rings stereo reverb
willbearfruits/daisy-guitar-web,webgpt_daily,data/selected-projects.csv,selected_reference,,,,soft,selected_extra,"status=selected_extra; origin=manual_add; platforms=Daisy; tags=guitar-fx,webusb,webserial,firmware,web-ui; why_selected=Add despite not being final ranked digest entry; useful Daisy firmware plus web interface reference; notes=Do not treat as replacement for digest ranked entry"
willbearfruits/GlitchPedal,webgpt_daily,data/published-repo-log.csv,published,2026-06-02,2026-06-02,2026-07-02,hard,published,Daisy Seed multi-FX pedal with QSPI SDRAM phase-vocoder pitch shift spectral freeze drone ReverbSc delay chorus and real-time-safety notes
WillyBilly06/esp32-a2dp-sink-with-LDAC-APTX-AAC,codex_weekly,codex-weekly/data/repo_feature_history.json,published,2026-06-09,2026-06-09,2026-07-09,hard,published,feature_count=1; last_rank=2
Windfisch/analog-synth,webgpt_daily,data/published-repo-log.csv,published,2026-07-01,2026-07-01,2026-07-31,hard,published,https://github.com/Windfisch/analog-synth ; Low-cost semi-modular analog synth lab; VCO/VCF/VCA/voice/control-board ecosystem; STM32F103 MIDI/CV control with DACs/software pitch compensation; KiCad boards/simulation/measurement tooling; GPLv3; WIP/planned-feature caveat
windysynth/windy1,codex_weekly,codex-weekly/data/repo_feature_history.json,published,2024-03-26,2026-05-29,2026-06-28,hard,published,feature_count=3; last_rank=5
windysynth/windy1,webgpt_daily,data/published-repo-log.csv,published,2026-05-23,2026-05-23,2026-06-22,hard,published,Teensy 4.1 USB-host wind-controller synth with Vyzex patch compatibility and practical power PSRAM handling
wntrblm/Big_Honking_Button,webgpt_daily,data/published-repo-log.csv,published,2026-06-19,2026-06-19,2026-07-19,hard,published_candidate,Eurorack sampler/performance module; faceplate/hardware/firmware/samples/user guide; MIT code + CC-BY-SA hardware
wntrblm/Castor_and_Pollux,webgpt_daily,data/published-repo-log.csv,published,2026-06-19,2026-06-19,2026-07-19,hard,published_candidate,Juno-inspired Eurorack dual oscillator; KiCad mainboard/jackboard/panel/programming board; license file requires read
wntrblm/Castor_and_Pollux,webgpt_daily,data/selected-projects.csv,selected_reference,,,,soft,selected,"status=selected; origin=digest_ranked; platforms=Analog,MCU; tags=dco,analog-vco,calibration,factory-test,oshwa,cern-ohl; why_selected=Production-proven digitally controlled analog oscillator with per-unit calibration and service tooling; notes=OSHWA US001060; version and CRC calibration data to prevent swapped-table failures"
wntrblm/Helium,webgpt_daily,data/published-repo-log.csv,published,2026-08-17,2026-08-17,2026-09-16,hard,published,CERN-OHL-P precision buffered multiples and adder with editable hardware production evidence and automated bipolar factory testing; panel artwork restricted
wntrblm/Helium,webgpt_daily,data/selected-projects.csv,selected_reference,,,,soft,selected,"status=selected; origin=digest_ranked; platforms=Analog,Eurorack; tags=precision-adder,buffered-multiple,factory-test,cern-ohl,production; why_selected=Production-grade precision utility with automated bipolar factory validation; notes=Functional electronics CERN-OHL-P; panel artwork restricted"
wntrblm/Neptune,webgpt_daily,data/published-repo-log.csv,published,2026-07-27,2026-07-27,2026-08-26,hard,published,OSHWA-certified CERN-OHL-P DC-coupled resonant diode-ladder filter with dual inputs Salt feedback distortion simulations and automated factory tests
wntrblm/Neptune,webgpt_daily,data/selected-projects.csv,selected_reference,,,,soft,selected,"status=selected; origin=digest_ranked; platforms=Analog,Eurorack; tags=diode-ladder,vcf,feedback-distortion,factory-test,oshwa,cern-ohl; why_selected=Unusual production-proven dual-input nonlinear filter with voltage-controlled feedback distortion; notes=OSHWA US002605; characterize offset THD resonance and level limits before adaptation"
wntrblm/Sol,webgpt_daily,data/published-repo-log.csv,published,2026-06-19,2026-06-19,2026-07-19,hard,published_candidate,Open-source CircuitPython MIDI-to-CV Eurorack module; firmware/hardware/user guide; MIT code + CC-BY-SA hardware
yamamo2shun1/JUMBLEQ,codex_weekly,codex-weekly/data/repo_feature_history.json,published,2026-04-21,2026-05-29,2026-06-28,hard,published,feature_count=2; last_rank=6
yottanami/yottasynth,webgpt_daily,data/published-repo-log.csv,published,2026-07-10,2026-07-10,2026-08-09,hard,published,https://github.com/yottanami/yottasynth ; active Teensy 4.1 touchscreen mono synth; SGTL5000 I2S audio; five muxed knobs; USB-host MIDI; arp; 16-step sequencer; echo/reverb/drive; Persian tunings; editable KiCad 8 schematic and two-layer PCB parsed; PlatformIO build; no license/BOM/enclosure verified; board-to-firmware mux mapping caveat
yottanami/yottasynth,webgpt_daily,data/selected-projects.csv,selected_reference,,,,soft,selected,"status=selected; origin=digest_ranked; platforms=Teensy; tags=standalone-synth,touchscreen,sequencer,arpeggiator,alternate-tuning,kicad; why_selected=Current playable source-hardware touchscreen synth with unusually coherent five-knob/page UI; notes=License and BOM remain unverified; firmware mapping supersedes older mux wiring docs"
zisonzishen0415-stack/esp32-fdnreverb,codex_weekly,codex-weekly/data/repo_feature_history.json,published,2026-04-28,2026-04-28,2026-05-28,hard,published,feature_count=1; last_rank=3
zlosynth/achordion,codex_weekly,codex-weekly/data/repo_feature_history.json,published,2024-03-19,2026-05-19,2026-06-18,hard,published,feature_count=3; last_rank=9
zlosynth/achordion,webgpt_daily,data/published-repo-log.csv,published,2026-06-09,2026-06-09,2026-07-09,hard,published,Recovered 2026-06-09 digest row; source re-check recommended
zlosynth/arplus,codex_weekly,codex-weekly/data/repo_feature_history.json,published,2026-04-28,2026-04-28,2026-05-28,hard,published,feature_count=1; last_rank=5
zlosynth/kaseta,codex_weekly,codex-weekly/data/repo_feature_history.json,published,2024-03-17,2026-08-18,2026-09-17,hard,published,feature_count=6; last_rank=1
zones-convolution/zones_client,codex_weekly,codex-weekly/data/repo_feature_history.json,published,2026-05-12,2026-08-18,2026-09-17,hard,published,feature_count=2; last_rank=4
ZorakAudio/ZorakAudio-Experimental-Plugins,codex_weekly,codex-weekly/data/repo_feature_history.json,published,2026-05-26,2026-05-26,2026-06-25,hard,published,feature_count=1; last_rank=2
zueblin/Polaron,webgpt_daily,data/published-repo-log.csv,published,2026-07-01,2026-07-01,2026-07-31,hard,published,https://github.com/zueblin/Polaron ; Teensy 3.6 DIY digital drum machine; 6 tracks; 16-step sequencer; SD project storage; USB-MIDI clock/trigger sync; 12-bit stereo outputs; KiCad schematic/PCB; LEDs/buttons/shift registers/pots/audio jacks; code MIT; hardware CC BY-SA 3.0
zukaitis/midi-grid,webgpt_daily,data/published-repo-log.csv,published,2026-06-15,2026-06-15,2026-07-15,hard,published,Recovered 2026-06-15 MIDI controller digest row; grid-oriented MIDI controller reference for button-matrix UI mapping and performance control concepts
zynthian/zynthian-hw + zynthian/zynthian-case,webgpt_daily,data/published-repo-log.csv,published,2026-06-19,2026-06-19,2026-07-19,hard,published_candidate,Standalone Pi synth/effects platform; PCBs/schemes/parts/pin assignment plus 3D/aluminum/laser/CNC case assets
Zz0ne/Emulacao_de_Pedal_Analogico_com_Machine_Learning,codex_weekly,codex-weekly/data/repo_feature_history.json,published,2026-06-09,2026-06-09,2026-07-09,hard,published,feature_count=1; last_rank=9
animatek/Animatek-NME,codex_weekly,codex-weekly/data/repo_feature_history.json,published,2026-08-18,2026-08-18,2026-09-17,hard,published,feature_count=1; last_rank=2
palmerr23/control_TLV320AIC3104,codex_weekly,codex-weekly/data/repo_feature_history.json,published,2026-08-18,2026-08-18,2026-09-17,hard,published,feature_count=1; last_rank=3
KN-Hardwire/ReHarmonizer,codex_weekly,codex-weekly/data/repo_feature_history.json,published,2026-08-18,2026-08-18,2026-09-17,hard,published,feature_count=1; last_rank=6
synthalorian/open-synth,codex_weekly,codex-weekly/data/repo_feature_history.json,published,2026-08-18,2026-08-18,2026-09-17,hard,published,feature_count=1; last_rank=7
JonathanZeppa/FloydFM,codex_weekly,codex-weekly/data/repo_feature_history.json,published,2026-08-18,2026-08-18,2026-09-17,hard,published,feature_count=1; last_rank=8
eforzano/AudioLab,codex_weekly,codex-weekly/data/repo_feature_history.json,published,2026-08-18,2026-08-18,2026-09-17,hard,published,feature_count=1; last_rank=9
Faz8788/demod-dsp-gui,codex_weekly,codex-weekly/data/repo_feature_history.json,published,2026-08-18,2026-08-18,2026-09-17,hard,published,feature_count=1; last_rank=10
